2433
-2.658955859467167	0.3225760154808704	8.441549969218095e-6
-4.089374733085462	2.60514088922235	5.962176054252817e-13
-4.663807252063319	1.3314581400011396	6.942886176134052e-13
-3.870032140678511	-2.9806471260072476	5.206121368532594e-13
0.9613666110023792	0.14773588214759603	0.003402579086620812
-3.3624049642663594	-3.5253373004649875	6.947243115635264e-13
2.551445833032739	-4.124543155579387	6.008636672300811e-13
1.5695449142388869	-4.625188066388158	5.009215808713863e-13
4.371485703184526	-2.1152953237193004	7.076761474666561e-13
4.2677413398124715	2.3757900523536803	4.909377123034881e-13
0.10286499858642047	-4.384655540920531	4.7770863001488726e-11
-0.1821587623845157	-4.860265430000572	8.1267074272474e-13
-0.6812215198583482	-4.374080495820278	4.4321404838199335e-11
-4.854172034957785	-0.07292102086889353	6.381836563552566e-13
4.253995122678695	0.16345995622523837	1.4182412824276235e-10
2.0952236023922426	-1.1900245532513118	0.000024993295067413865
-0.5292987084283852	-4.663968324609126	2.904072985643168e-12
2.666403121231577	0.11794764573120513	8.779886412543293e-6
0.3068503477221816	3.4746955176965297	5.4471366948704776e-8
0.6321479332004101	4.250989681353431	9.543045951232722e-11
-0.29925414372803566	2.5458862311949906	0.000014557651341566773
-4.769044053020609	-1.069056816781748	5.403041843794234e-13
-4.845546029872037	-0.7021452280825421	4.203485405260483e-13
-3.936481893153742	0.0006481689886392598	2.136736351982016e-9
-4.247976120771024	-0.20964796259983862	1.5785663912079915e-10
-4.835702276687174	0.047873228231253916	8.122896371482939e-13
-4.8854002005482196	-0.3553699458295232	4.43460123116628e-13
-4.809133067350421	0.7072903514460978	8.068582655397134e-13
-4.2579126317424665	-0.962906468142582	4.357593730395694e-11
-3.7529709287818753	0.48811728248492564	6.0158521746521295e-9
-3.15317838068359	-0.5414748366617834	3.7924526734332e-7
-3.0536900438989907	2.7759318837865847	3.155913136508057e-10
-3.7835819920486062	2.6206590946733326	8.091711345268216e-12
-3.8893981336969627	2.905713235700393	6.334161492148036e-13
-2.0474394645656133	2.663934352300789	1.571575356060444e-7
-3.791384958024302	1.8252890876225867	2.3190467845008773e-10
-4.286028752021172	2.400568564264614	3.3724696145983064e-13
-2.1571841013712065	1.9875976519208174	1.698780259259186e-6
-1.4367909729320298	2.609715345731734	1.5947011359449886e-6
-1.8832912018477226	2.893383961796358	7.516888883969463e-8
-1.1475419618598748	3.501659472899579	1.5372577400577626e-8
-0.6286419110508588	2.948869469147018	1.507675093872186e-6
-1.6712159403145808	1.9110978924015087	0.000013566882346617625
0.0635174240563445	2.189275698394451	0.00009528711910432594
-1.0072039555338137	4.036649754841162	2.8376488733729395e-10
-1.6321019140136581	4.593465551801513	6.208119198054124e-13
-1.8623767966535072	4.497707732545119	5.154537686296065e-13
-4.593858642753712	0.9702983744657661	2.8115169489099355e-12
-4.1312169731673825	0.2172522077675564	4.1062973653937073e-10
-4.865732405047148	0.3607702854811337	6.248413482483007e-13
-2.4425145532310997	3.168553323206753	9.542928943583095e-10
-4.398427662591583	1.1403267863040987	1.1609380435456349e-11
-4.403302399897504	2.1077933530234327	5.007611218353698e-13
-1.471617883993833	1.5651292223955051	0.00009977566802884227
-0.8752954950689512	1.7273183794388514	0.0002280912480964862
0.5975522581336817	3.2673738036768163	1.711165345462541e-7
0.19080019874517623	2.4259104248002985	0.00002402007752712015
-0.2672382874986381	2.1808825015582975	0.00008814861187145573
0.8516024580921264	2.483982173303617	9.786694566090236e-6
1.3261848156684544	2.9484544469217795	3.2490044383488445e-7
-0.8320062844280603	4.792730805756957	7.745215025912555e-13
-0.506224077288505	4.852016739341195	5.044241968458762e-13
-3.480267872846363	-1.3094394587068154	8.29670720013183e-9
-2.7599130408878114	-1.5600647196233026	4.834071734298081e-7
-3.1729354720180583	-1.1549662076427432	1.0929924579718566e-7
-0.14937786212632484	0.7826545732177623	0.003972688780323328
-2.3166562302476756	-0.6032957078713339	0.000031296832516349905
-4.261297595845906	-2.348288035902596	7.854926050883317e-13
-2.6379777211445075	-1.8966386064214558	2.7972647761409646e-7
-3.013312611692548	3.7758478359076433	7.296496124099403e-13
-3.824869201766847	3.0073631893723443	5.256996789444495e-13
-3.6535477044246867	3.2276749357170202	5.495263686435576e-13
-3.5330066380126426	3.299995514353338	8.030357704313168e-13
-0.9182917789169603	0.5392030855188318	0.00316756130001242
-0.6140346428291129	2.458133844932226	0.000013591456925478566
-0.9030658178324532	1.4423383586884955	0.0007271106995716391
-0.4415436209352931	1.954274032891883	0.00016650545005318613
-0.4703915139243879	1.4635898764619084	0.0008788003513387875
-0.3917704787303167	0.6256457873727427	0.004395317796846808
-0.722725031139239	1.1780291286050135	0.0018833080348780423
0.000868143434482125	0.5413558207266677	0.007102583326538252
0.9199264384871431	1.7157672491496558	0.0002174039675251944
1.2271846953806516	-0.05873590797193238	0.002166192572991446
1.5381180588820846	0.03569140605795423	0.000955036636535164
1.2778911091823537	-0.3991095205956257	0.0017320531540349362
1.529979457697306	-0.7172385914180485	0.0006243945622770577
2.1350628287812317	0.37184698158331275	0.00007908924160870712
0.400139224846937	-0.660109143695675	0.004630624087573367
0.2524908276423338	-1.2865729564236827	0.0016295004216443534
1.1796508496884404	-0.7580787598988469	0.0011853936816990233
-0.02564564118860605	-0.23113167200257465	0.008019361980975246
0.8026787468084916	-1.5146343319740672	0.000411334105934806
1.5999315568568957	-1.456339478808242	0.00009310607413264888
2.0714549874930968	-0.6309319000165279	0.00009490036613508012
-3.5823563420655944	-3.1242591509286135	1.6272176912483327e-12
-1.925344110042923	0.8325671487475045	0.00010993792966971346
-1.7493580711416747	0.0726077030345222	0.00045826707471012307
-2.2010622601063052	-0.20863181585797472	0.00007241317806581737
-2.3437909672914286	0.010623763936871722	0.000044327452014618895
2.345714961501718	1.5081729352973017	4.513061567299975e-6
0.6016817162971466	-1.6574032530233913	0.00043828747308269
-3.493739287898914	-2.6214966431130846	5.088577333776432e-11
-3.023381088046091	-2.1796763488326456	1.0040959307367124e-8
-1.9295387089575067	-0.1553881737566871	0.00020997190207237943
1.2043211122655757	2.664932806770297	1.5220099624084663e-6
2.5264924387815646	-1.614576678447602	1.2728113523027605e-6
3.1892621109007817	0.3697082066495024	3.6317822893522557e-7
2.696119327503744	0.8038469243905727	3.8024932331591142e-6
4.847146534542385	-0.032990072593326245	1.0577982997593963e-12
4.83625935682247	0.28552718374228536	8.441283879619181e-13
1.8373475417113838	2.5885107821771873	4.875714883376457e-7
1.567346223376012	4.550004374600784	1.0129741477481583e-12
1.4842163277618934	4.634717426146062	4.793259355454469e-13
0.5851439551294219	4.8177508250317675	6.790014445046562e-13
-1.4247676764173667	-0.9048202657864282	0.0006171483551926307
-1.66752133627432	-1.1739987090700967	0.00016080712280609072
0.20255391779364929	-2.491757636673429	0.00001691190407682051
-1.4431796433763648	-2.0892307250260562	0.000013265113322182102
0.7851265260178762	-2.7520463249326466	2.8578871405768723e-6
3.2669724713024824	-0.48761962953354343	1.831164229842929e-7
2.772049604279089	-1.4482111338071517	7.595836610916795e-7
4.654639318932906	1.2878673927560773	9.504646470141834e-13
-2.2461707827529	-2.1803252763158776	5.530695389514565e-7
-1.2147302240659272	-2.098821201525872	0.00002127347608825236
-2.7269505786671195	-2.928528206397132	1.5395117569890652e-9
-2.4777905546406656	-3.0931284940370483	1.8149420019387668e-9
2.031974267181228	2.825988628006614	6.98305134455368e-8
1.8423813717447983	4.452991606903595	1.1328832752527237e-12
2.0704205888963942	3.56665712829261	3.9030370154279884e-10
2.2394244404977237	4.370962862488701	3.0519938406773835e-13
1.2695311040774062	4.734303500770378	3.9493307102431357e-13
-0.22863755963018012	-0.9157433979421513	0.0035581589010231715
-2.357209354607082	-1.8985816696343634	8.94252868077916e-7
1.8877860098556292	-3.5206005601988606	1.151973708810704e-9
3.0120540997965173	-3.2725965008415905	2.6338100786646667e-11
2.7141148607899606	-2.710094064021332	3.2230730585130697e-9
2.8702469991406967	-0.8062750032441404	1.1819679566162676e-6
4.696959289002228	-1.4035848438772354	4.1240329346681905e-13
0.8329420172234624	-4.163542039136711	1.2819607935674813e-10
3.9001703116714173	-2.0660155283355275	3.952645739752273e-11
4.2203141490223315	-2.378293362514498	1.0078098292294965e-12
-2.124236115487449	-4.192178509823329	2.527219489068699e-12
-2.6892866166444693	-3.635273332207479	1.3629532264185746e-11
-0.7326228240620336	-1.165174456031087	0.0013715277351228875
2.4856418206098856	-3.0568561368615597	2.09154291613172e-9
3.155288195060702	-3.7207002599376113	5.939033482971663e-13
3.4232778850865477	-3.240434242624558	2.1251767692428054e-12
4.03949821227197	-2.68477975413845	1.0253764458003772e-12
3.389990396391749	-3.5285336240552603	4.239638483210811e-13
2.8339968613700397	-2.162081147815181	3.770495441788454e-8
0.17823129640309243	-4.861576525489481	7.37342306722191e-13
0.8156246509157321	-3.7441551627208	4.570104290979702e-9
0.8793013604559934	-4.812591839410996	4.39191601982306e-13
1.2283810596333924	-4.717215005743387	7.048564115697567e-13
4.565601281193185	-1.7329421138692884	4.989744027954137e-13
3.6807526108986868	-3.231792282951209	3.5072432861009747e-13
3.8125002431061783	-3.04253719811103	4.389445852013427e-13
4.77464108076006	1.041525221211757	4.487742515772789e-13
-1.8907051754632112	-4.451711373544087	1.2500841008860589e-12
-2.534066394849046	-4.1603785301989955	6.879723145848361e-13
3.08806096650444	1.6245236741405795	5.076363757265493e-8
0.4455829822965657	-4.225658340740768	1.4872937582016829e-10
0.4989397154512759	-4.786442259695241	1.1399110853410622e-12
4.1527898333213615	-1.6325922215100477	1.8197726851460326e-11
4.763633543057193	-0.7832105049035187	9.94054366320783e-13
4.532827902871373	-1.1719785962330442	3.399384508893352e-12
4.79467578363402	-0.6574061214570378	9.75876467543458e-13
4.6440972573830095	1.439009344507011	7.688952919917008e-13
4.564142966128733	1.7554153085532105	4.73810608015908e-13
2.7757640795509753	3.018975365553592	4.940192321484134e-10
3.5740053826895504	1.8632801195138686	8.11717059570408e-10
4.762739360592912	-1.0787100420276046	4.960039702660457e-13
2.857811317238522	3.9484421033165886	5.6290263242803e-13
2.5255153199625107	4.1795935436367175	5.59213482892356e-13
3.575598255167036	2.539414516035342	4.562606953703297e-11
3.7911262260252916	3.023349046354181	6.798039114082538e-13
3.062499171075657	2.9295054041424597	1.6908882040003287e-10
4.444974138614995	2.0918603764532584	3.280386562366229e-13
3.136200979537651	3.783163357257208	3.184762313082715e-13
3.398464712234435	3.489133778998982	5.216237043043405e-13
3.867104387898085	-0.6796348689135936	2.28986104081781e-9
1.6835690759688282	-1.8459586797811631	0.000020663553528076163
-0.20840282582562328	-3.624272698744611	2.365397118889867e-8
0.6222956942531765	-4.832941692721813	4.884760845193677e-13
-1.041193028630994	-4.094128426152445	1.9148041533906716e-10
-0.9513193954096266	-4.737761691440453	1.0072074147478393e-12
-1.2597831048623516	-4.674909208522736	1.059855873240595e-12
-0.8333371628115115	3.193796461304095	2.1533103950042894e-7
-4.699743637420456	-0.782022038100409	1.637522919799196e-12
-3.3013153849024057	-2.1046633895624347	2.1309490482367265e-9
-2.2601965633351453	3.8815297826647845	1.8766031136900915e-11
-1.2662534801853609	-3.6541284147431887	2.8988397042598617e-9
-3.9332476956202966	-0.3211266459892443	2.091181028937381e-9
0.5241577202249755	-2.971494196822104	1.2560699754339686e-6
4.292012966286904	1.0704197701889446	3.5039823156331705e-11
-4.723468668820062	-0.3425131624898975	1.9648604923741808e-12
-2.4090405343710164	-1.246423144306923	6.5448451012223585e-6
1.9211486678979433	-2.2246234737525974	1.974113311788074e-6
3.454605086913157	0.980680225291161	2.4711322584386627e-8
-2.434711560011125	-2.6463456096944715	2.70816602238729e-8
-0.1463533048658238	1.9238445285062895	0.00030491012548523026
0.3904541022629123	4.323064727414302	6.80322085226116e-11
-0.7659788210197757	4.383341258049681	2.8455788916003964e-11
-4.388948733219054	-0.5175267951348838	3.184271703540642e-11
-4.472191328639577	-0.3952406076641424	1.8135121689799813e-11
-3.3315152599115034	-2.9005787825754354	3.753350527137176e-11
-3.4295516161080797	0.9910956892923904	4.0652924022890876e-8
-3.502685463426976	-0.9681422165877809	1.887431573258722e-8
-2.550665389980762	2.331212340853186	8.388549205959751e-8
2.158054465644381	-3.7900047681840654	6.242346286634433e-11
3.6417863093016916	1.3986074580932486	3.1392244765193997e-9
-4.642522864856637	-0.6292341916785968	3.3956333764692958e-12
-3.8124467025053725	-0.45763277328909224	4.749053373898039e-9
-4.550480587587652	0.10400529339758557	1.1577493491715747e-11
-4.048397956020767	0.8907795620760067	3.60589518590203e-10
-3.5198643647194445	-0.05406121381378029	4.629546557185174e-8
-3.117072507684404	0.10930361697103161	6.721463917426519e-7
-3.0990815447879654	0.2682778421795223	6.743041599825024e-7
-4.337021482320478	0.45552630557314455	4.702985734882397e-11
-3.5906778355152755	-0.1866634280648404	2.308348085463877e-8
-3.181133671117699	1.1150985404979303	1.6591813380580475e-7
-3.273372409564962	-0.4649852991282483	1.920815059711801e-7
-3.209098094881508	0.7922484296871379	2.3142416312417045e-7
-2.9433907977988056	-0.29139821355413886	2.1908214516164713e-6
-4.648333088745447	0.6790868958548685	2.745342409352451e-12
-3.422829541299839	1.3150659564022866	1.840193229803013e-8
-4.139179016718993	1.2097086855942698	7.790274241804906e-11
-3.490624473216264	-0.6740422213226763	4.235625856549547e-8
-1.6395767562080839	2.219488666208987	5.242482898114204e-6
-3.0296133949426967	0.7546685034077643	7.750505791046125e-7
-2.66963616499431	0.9237712845595819	3.16497628766455e-6
-2.9013563565224394	1.2223039833747007	6.411821271941608e-7
-3.0088679398245675	1.5154516789502828	1.715563130132917e-7
-3.295163726817054	-0.31935290427074925	1.6928451257635166e-7
-3.5346364069958107	-0.43478322361504057	2.7868582817689945e-8
-2.7174060535727036	-0.49545803418590795	5.229897120765178e-6
-3.008379869510283	-0.7740045087484967	6.802253711871422e-7
-2.5962095462176964	-0.6099964725383312	9.141109795171135e-6
-2.440742221253815	2.0423753184442632	5.328821380394626e-7
-3.044170051077618	2.0788472168436787	1.5985730305699893e-8
-2.934298489262026	1.6666857593679814	1.418748638169293e-7
-3.010702169991003	2.22654014444508	9.87077335689443e-9
-3.4816257671277437	1.7546680428874577	2.937555688738019e-9
-2.741075603838734	2.051153815835903	1.0497453549639445e-7
-2.587116708565155	1.3449747077926861	2.0239227638392423e-6
-2.51498166394991	1.7383661267711126	7.183303864722644e-7
-2.936048205589908	2.9715104889119943	2.2384934058321585e-10
-3.373790393665567	2.0331195703593377	2.501510647985207e-9
-4.142128662992197	2.3634450066320927	1.242157444665078e-12
-2.422873354469015	2.2113840226572568	2.882765182381492e-7
-2.775853278410019	1.712305331047567	2.4689078846581037e-7
-2.5414370673713096	1.597942168199788	1.1356357555836641e-6
-3.3049594635694537	3.1055379354917254	1.3458200110910263e-11
-2.2403017320172482	2.926052351065884	1.1379856553491794e-8
-3.3129305176284354	2.7891912637673797	6.627453150238417e-11
-4.037052348608444	2.714042756970046	5.823300857507957e-13
-4.351358960555726	1.640631905367825	4.634693843081928e-12
-3.7213385123617573	2.1134523218450014	1.39144262917781e-10
-4.246308868654625	2.1316805993969274	1.373864829425102e-12
-4.570790015889552	1.6678266635131598	8.324347600510686e-13
-2.802671357686862	0.2522889234433572	4.520264905318293e-6
-2.6251345796960694	2.7774645783932996	5.362117105751127e-9
-3.324785102757191	2.6312961898512963	1.5441689553233427e-10
-3.9758074349399215	2.1614505519015355	1.3190973755895475e-11
-4.730981883537668	1.054813610505742	9.87776373798563e-13
-3.605014591193694	1.5332591456635192	1.8186685631906913e-9
-1.8952091105029034	2.1377912794350897	2.7753254699629192e-6
-1.5817436477822322	2.8283350390424906	2.9882530920935876e-7
-1.1649467644055345	2.808567819262056	9.012494581156723e-7
-2.751188977597261	3.274449895330438	9.389188668304958e-11
-2.116237282324024	2.997838442937675	1.2717946201111269e-8
-1.7101869976229098	3.736325059136818	5.261932880533946e-10
-1.2213964349940605	2.339946753419404	8.904232085906942e-6
-1.2722622746979975	2.895998554558446	4.831568139864965e-7
-1.7751361369619414	3.289068102397752	9.372140590321998e-9
-1.4601044206742195	2.4500680327156665	2.719969049167556e-6
0.05228287319457096	3.3133818251203446	2.248323600016828e-7
-0.7257261556039842	3.3243687192342595	1.2222404000752717e-7
-1.1284080767067777	3.7940082359406437	2.2881762249568905e-9
-0.9919421268352941	2.8338471815573163	1.1878914364446463e-6
-0.9432957574800392	2.954879778651053	6.130342790351207e-7
-0.7520391139403362	2.686198721030705	4.59101081110063e-6
-0.6293082841938317	2.786112167338375	3.162402994673775e-6
-0.2550839421856619	2.848215407079204	3.4964269487530542e-6
-0.2461969317895957	3.4298986741773207	7.957464608356747e-8
0.7421269062664524	3.2062805602973965	2.2943332539169062e-7
-1.2980052820716537	3.8159190380707746	1.2921428585077124e-9
-1.6844893749902778	3.887645886780639	1.9555255505782705e-10
-0.8963364597146394	3.56588853648431	1.5412557486810086e-8
-0.9164977421780173	4.4075799837568646	1.7170144879356228e-11
-0.8472758129946849	3.8000760134432423	2.4140714406082895e-9
-1.3845558717822743	4.581942988904143	1.404579169768397e-12
-2.5281050407483416	4.12676783321935	1.0653245518747309e-12
-1.9430874238691458	3.5972170203083276	5.103159030174974e-10
-2.008699875655611	3.724494006000114	1.6468792018181685e-10
-1.9947846390130064	3.4562305338380432	1.3772602886711421e-9
-1.0431509616274692	4.310710582445239	3.662734453415144e-11
-1.163815506361497	4.716880500075308	7.156352187716636e-13
-1.5148845763237535	4.508495305340805	2.0229955585904746e-12
-0.49883227390747054	4.481522856562614	1.794117763522356e-11
-1.2254130293005263	4.511546393020352	3.629900377110486e-12
-2.4132016860314476	3.8636177858122203	1.1159660436022038e-11
-3.901038702940832	1.1659361080819124	6.145606216687148e-10
-3.382017017717316	0.199029709050219	1.0663818704614761e-7
-3.9346204626800705	-0.7035145435024242	1.3586522361062364e-9
-4.17458364937417	1.354497630475228	3.802112012980263e-11
-4.409801109049266	1.2759860480921539	6.054494133121443e-12
-3.71904539430005	1.4122176720884105	1.5234579508147824e-9
-2.3953744860276927	1.77476365928312	1.128550803022428e-6
-2.058763378760458	1.616315390058626	9.64686727810037e-6
-2.340055776065618	1.4005215636162913	5.862076025318613e-6
-2.6233861123162967	1.2082683723426588	2.1860441397424426e-6
-1.4226958658305096	1.1421329962380657	0.00037841725629918406
-2.068901315385175	1.2704586878917035	0.000026148030408604367
-1.7759879746052207	1.6635630209071866	0.000025974285528786086
-2.813946376980185	0.9552362957853492	1.4895434488704453e-6
-2.3770981783198306	0.7104939135122273	0.000022086234434552613
-2.0300782125859462	0.9179825363663199	0.00005990265683129397
0.17535276784277198	3.0293970674912027	9.106486700041969e-7
0.9052562882835864	2.9793240027743813	5.908258860112428e-7
-0.0984075590517174	2.799219338558539	3.907367980838764e-6
-0.08510785080474399	3.0663721919464986	8.889272813271663e-7
0.6438637488368295	3.96754964322489	1.1453855961356357e-9
0.15856236659778075	2.8824370027507427	2.1194545921629584e-6
0.24874854821136608	2.775871397448483	3.9111693697342015e-6
0.5277980382175882	2.53126483364742	0.000010794021901860193
0.6794177456827551	3.6656006723074595	8.270147367008657e-9
0.4717921051882965	2.9039942136420023	1.6623959529969939e-6
0.46331923059662267	3.04428815105493	6.652497846516182e-7
1.4676207363192106	3.3204470294634643	1.9371204154067412e-8
0.1314967279080114	3.9596046138316527	1.810552880911805e-9
0.5603973341936818	3.407632328975081	6.614361427909298e-8
1.0642958085692056	3.7330285355484865	3.370401091376158e-9
0.7821807275884683	3.910181830723267	1.3581564079661042e-9
0.15651134178832637	4.610240083272769	7.017647727246678e-12
-0.10167449333749529	4.238055138781941	2.168967879469627e-10
-0.1446603047547165	4.677834019028348	3.4527370339312997e-12
0.16837967771658205	4.305334491745309	1.097165576965856e-10
0.5468750204090556	4.646715480132252	2.804801158706513e-12
0.9356582947018169	2.7497947394693814	2.1401075272139295e-6
0.8315324759010658	3.52844046566143	1.6230156746288497e-8
0.9174235799398356	3.429315376069536	2.9531943419583244e-8
0.00787611765470604	4.341848666791625	7.784845480643737e-11
0.03417596857038346	3.539653259157295	4.1296443326436565e-8
0.3020379194535292	3.725868718953753	7.900291846358181e-9
-0.47366213859204404	3.5160590858306575	3.355297850337567e-8
-0.12050091815692192	4.074108020363829	7.023839240757995e-10
-0.6543238832665144	3.5784540699096405	1.8679228200925408e-8
-0.48984240952686525	3.8388615758028646	4.032919907820701e-9
-0.33462948058625414	3.887315608128309	2.4506465536245265e-9
-0.20532536081856903	4.879794480717431	5.089689571078064e-13
-2.8045207877157554	3.9600744764167164	8.699665535505325e-13
-3.1458373401052038	3.569789681571917	1.3659335146574414e-12
-4.206612629241932	0.4606358574973202	1.5655323897603118e-10
-4.16954820183899	0.9567627916436221	1.1264968103496786e-10
-3.9495592746570796	-1.3453186765618483	3.172184424884693e-10
-4.629786666863695	-1.3674344318931924	1.1311688484394515e-12
-4.488992967954043	-1.2757049932931415	3.854080729644437e-12
-3.901674095719892	-1.0771250543172004	7.017307140608487e-10
-3.9989956568988734	-1.1876359681179778	3.0382119281732693e-10
-3.74197784904675	-1.7857976108524984	4.030666709117083e-10
-3.654916740695403	-1.497477995174709	1.628540740512247e-9
-3.5546679528042393	-1.2064973425775543	5.739673368422841e-9
-3.6859107441599392	-1.2098147720656556	2.9881163171644393e-9
-2.904127865771203	-1.0322413533472705	8.245479310626424e-7
-2.927343952495072	-1.301127920594628	3.606161097922943e-7
-2.417526839783248	-0.9536537512767337	0.000012898732258264615
-2.7579844301776735	-1.017317333988737	2.0322005993168936e-6
0.6037758693870213	-0.00021811400301690844	0.007976486699114726
-2.0764147906618433	-1.566649475659449	0.000010555563217874247
-2.2212657352177168	-1.3809857787738098	0.000010683108743477441
-2.3231380191591384	-0.3214915965443162	0.000041762295615499145
-2.0413475158405956	-1.1244166710734562	0.00004425745817460132
-1.3949200697152488	0.5078201044051084	0.001038032057746027
-1.99484951142943	-0.4889920439130901	0.0001231576593650021
-3.9667636998700058	-2.435719227479143	5.1547482030645335e-12
-3.5248808238141134	-2.2480771549376297	2.470197326191663e-10
-4.0387711901491645	-1.8320280351428653	2.955738555057916e-11
-4.008301658965248	-2.120118749395134	1.3676310913865755e-11
-4.031998069515163	-1.6839990760304142	5.19488093789827e-11
-4.327049777472377	-1.7996143360047212	3.418684538014601e-12
-4.290977334909023	-1.649589226899018	7.282207974723136e-12
-4.545376840987922	-1.6812210189055696	1.0136431358350538e-12
-4.142822112939894	-2.4370003437029415	1.17843461226899e-12
-3.0279758184870404	-0.9281105974404823	4.830149928383627e-7
-3.28011666383495	-0.7930936193247669	1.1077833308106307e-7
-3.009459296366086	-2.0326264455080305	2.1567761153073093e-8
-2.979195249503851	-1.7233365088241113	7.836365576459132e-8
-3.1532563130842926	3.7419589723219953	4.232574521371548e-13
-2.4573561865229023	3.417213510361991	2.3265035975075044e-10
-3.3908817553926	3.5420090384231857	3.578795293494553e-13
-3.256900567927571	3.4811981861708508	1.191985476531507e-12
-2.513668588262258	3.96227113633385	3.1488995273395557e-12
-2.26078158270608	3.6128739902798834	1.2168895845421434e-10
-2.7027135069011794	-0.05730780135466577	9.402836601635904e-6
-2.20605727361278	1.0797893557556326	0.000019301377186339427
-1.7935352926685266	1.1501508929960957	0.00010467025559690285
-0.8583233598295579	2.292572777235693	0.00002463512266334451
-1.4239516697400305	2.059692378572406	0.000018326981963072924
-0.9107893066617477	2.0234106554877953	0.00008235261319714519
-1.2256943161662945	1.6477302816960555	0.00014119032559862718
-0.35940884368277604	0.1133845576280645	0.01000117381734346
-1.100992652960801	0.9305999517232137	0.0013379369147638346
-1.1022154208418367	1.667210625696195	0.00017308735269498595
0.5741040329483059	0.9102206137363762	0.003432238214288681
-0.6705970757851226	0.8159572926394291	0.0035005922486977736
0.3454844363928311	2.172105762608857	0.00007616596421408839
-0.015444461644816913	1.3913911286647624	0.0012720472187800346
0.435726474673132	1.440686862391051	0.0008837286411083842
0.27481738626209995	1.8071121980022757	0.0003731090489778081
0.6888854682275306	2.1700648267182365	0.0000727753328865336
0.5640628319197519	1.0737585795847955	0.0025736707406224272
0.21095230802881643	0.9507961278647235	0.003525278747250339
-0.524898397960104	0.85861471636721	0.003880075955703117
-0.294367026764375	0.9854804455448932	0.0031995706676796773
-0.8701968230061383	-0.3782923864275629	0.0038947966472819245
-0.2569046060385298	0.8391289706930724	0.003551911236188138
0.013222447436953636	0.1910544438841946	0.008351167666258482
0.7056375930170465	0.677648362656532	0.003838772292529765
-1.121701379539487	1.1856922322990964	0.0008067167508665209
-1.0221320409420733	0.6625023554987489	0.0025198831003959755
-1.6805872826126589	-0.29483215845412236	0.0005581785806414502
0.8383060496832728	1.103950387496994	0.001565691486364629
1.151920902579379	1.1115460812352564	0.0008502732446407455
1.1884240404264717	1.861409461062793	0.00008198417565520111
1.6696934350527481	1.0886771765532586	0.00019952500191750233
-1.2782382053377968	0.7122873655944965	0.0009344583042997874
-1.4264925500580299	-0.5402432163148507	0.0010179862703146917
-1.1859048834618733	0.43779702366981416	0.0019173135797281309
-0.8466629380209082	-0.14852899299289432	0.004806865211164558
-1.0926163953168484	-0.2562854507891899	0.002812845622953546
-0.9155084400863772	-1.4472612262612723	0.000349853444736101
-0.9734286599028614	0.09883988693671869	0.0039011573079156233
0.6036982234377163	0.16401983546241575	0.006398170712022552
-1.1308101647054256	0.12663610543202197	0.003002748359109022
-0.6855588165113177	0.10202691636530822	0.007735022051837216
-1.5021928666706563	0.8970703683649995	0.00042307501902200074
0.8699987406255046	0.6419089404894769	0.0027779917228816942
1.728409820589379	0.2788073225643637	0.0005859802853644088
1.2156405193010407	0.845802828853171	0.0009553428277332065
1.5276118347924454	0.5084800459086044	0.0009640571886975815
1.3568556652312096	1.2421743791202267	0.0003198167206833909
1.3823411195761157	0.5855866926015152	0.0012024114499885753
1.8712820575922116	0.5749897825130488	0.0002816194558307813
1.79093666133656	-0.05925221876706837	0.0003456985009977483
2.0099766908297028	0.13242514668816302	0.00015389502718752816
-0.2479484968190578	0.4414183536833906	0.0055706298780845
1.6581312003312019	-0.470988086865172	0.0006083784356482494
0.5423356903864526	0.4456457307904778	0.0058279256863678075
0.28130866780215114	0.3123779168061643	0.008617925477343753
0.08367812262622017	0.0566546849549116	0.008849971719499982
0.3186263995170669	-0.05623565932545918	0.007565178350545256
0.891545918330863	-1.114856615502314	0.0013175031337919784
2.2889747143981003	0.9374301610044529	0.000027706420828291463
0.9988074264052678	-0.2543556759693107	0.004317531729447862
0.9151593368901033	-0.8527966601914521	0.0022645398301277646
0.23630149765629269	-0.1931974854388338	0.009010962836087957
0.23763724390499238	-0.4594135370835199	0.00713131632393527
0.45509632036699377	-0.3940455702883673	0.007207495978777323
-0.28479754068977	-0.3426420646027112	0.0065381576829582205
0.6702238205309855	-0.622744163281866	0.005168347940211124
0.3904582037758367	-0.7995048452767295	0.003650042269199163
0.13802716923372788	-0.6729808758567266	0.004697297960618472
0.5090741876860898	-1.055519774630715	0.0026820359559885858
1.4109651730442223	-1.1099010047766678	0.0003853649062548314
2.7743283926818045	-0.5753746636497231	2.8171127755980255e-6
2.4352982395945015	0.6849894112254892	0.000019519593568976387
2.143374606714651	0.6586104807148768	0.00007332744452686298
2.2516341661617103	-0.24935110624889706	0.00005983174531274465
2.0472630851176605	1.4722439608145235	0.000019592642615553813
1.662898953324349	1.2503435353268324	0.0001377602822658403
-1.1594516684609397	-0.8860895369636693	0.001238304843738142
1.0551846160769576	-0.528813973317552	0.002437768418475772
-1.4475255774010567	-0.2729282890736799	0.0012692026993217673
-0.9599703942835306	-0.24587902705909126	0.003476067506605049
-1.1896930469497227	-0.39061432625174175	0.002132890146005324
-0.8888304244987725	-0.6506509732756679	0.002983058154509646
-0.4698328229982131	-0.6193335119600457	0.004823761560407499
-0.33805827336285454	-0.6826039292066259	0.004987901321904251
1.553888668666759	-1.1929969712143056	0.00019775038506793227
0.9794055490799914	-1.7100445529000035	0.00018026108785307686
1.2840812321082706	-1.5241722345446902	0.00018767594327325502
1.4236739318485412	-2.04425031804801	0.000020572811242125717
1.672425821246303	-2.391928363197261	1.9380217832130917e-6
1.837431399208845	-1.3673257312733744	0.00004263054162811867
2.3891568322030308	-1.094543212485349	0.000012117513109813457
1.383715740078444	-1.636037227836648	0.00009344911282762607
1.2005815473933195	-1.8673079058018216	0.00006131188065768996
2.386197515683004	-0.6040330853817211	0.00002439515075614446
1.643576579832233	-0.2932773601183434	0.0006576965445965581
-0.2730083419315439	3.7319677479739948	9.522912265668933e-9
-2.186079893253513	4.332525835179953	8.338304458632713e-13
-3.8271975890870413	-2.514539437522279	8.353050930572987e-12
-3.841404253372991	-2.6700556779999243	3.661116871697615e-12
-4.017572090508529	-2.7002665026367425	1.0101502703048338e-12
-2.8720045376436936	-3.0052530778650155	4.1556256853262257e-10
-2.9913249723975257	-2.371241154361421	4.240817451056677e-9
-4.41897153057787	-1.953243681343261	8.313311038593787e-13
-4.396389413014557	-2.1042264190088256	6.064737818222259e-13
-2.8229634527767042	-1.4157632742647825	5.432873249866414e-7
-3.1144084384691513	-1.5612429868019992	6.441602411053929e-8
-2.7576735738421063	0.6042531480678478	4.577389413458411e-6
-1.837003928810026	0.5564418263482245	0.0002808063735624652
-2.011170438730447	0.17369540422889782	0.00017408709500039992
-1.7050163535415763	0.231015749466549	0.0005286298798939453
-1.4274737364297836	0.22631605524668294	0.001339826783316617
1.0022872403774683	2.249464189385052	0.000026955207057992187
1.1045412884933379	2.566049910217954	3.433640355797256e-6
1.4346724850570964	2.4133152794021817	3.3534407106113473e-6
1.0954889444407734	1.976521980948118	0.00007320517024250792
0.641715398086534	1.874752184108248	0.00023814169360028906
1.1524661984777218	1.5989883166654224	0.0001908063882950832
1.3128253526778286	2.2260985599560748	0.00001547337534237184
1.4677292348812367	1.9456081598123895	0.00003286865364999795
1.7410677256483067	1.5228666077976902	0.00004787318363457407
1.289735879179808	2.3957830397037516	6.070078380106233e-6
1.4150883934957625	2.5671032804153278	1.583903631097441e-6
0.525589761632109	-1.366065431186008	0.0012715256913267466
1.0756634940374186	-1.4723980451407983	0.0003151932648563396
0.9205303315568981	-2.041182917093311	0.00007491790348740065
1.1882890404128232	-1.9895142693327652	0.00004258339877324486
0.4381883873874007	-1.8520195893138	0.00027210335587107875
-2.401804021731759	-1.7557352971699587	1.2488525949970598e-6
2.6501388502837364	2.355748026902128	4.184523698702818e-8
-1.7592468735369284	-0.7489042291383842	0.0002951904537567548
1.7645571396674897	3.18903145830574	1.992254307735717e-8
1.182342225344178	3.35146521750802	3.465728550038596e-8
3.386288691173922	-0.17438510431098228	8.659895542216143e-8
2.391303706847886	0.2632852315769017	0.000028216154164949455
2.3256224522547235	0.016319853118234705	0.000036379268670676986
3.24361009756016	0.6372928862309052	2.1071488310207837e-7
2.6242449367966576	0.41091806804401126	0.000011025188803289662
2.9795945763297578	0.6643928168920408	9.20820409371249e-7
2.6828735649771973	-0.15692031896143113	8.05036387037202e-6
3.5614445762610094	0.2663103579789738	3.2319234076153266e-8
3.538238775811033	0.6806629921426294	2.4162529441694183e-8
3.4280306080763516	0.17683425266206024	8.027441112407424e-8
3.950674739691046	0.13157169916097589	1.5295772681198384e-9
3.765793088466167	0.5143221381887313	6.3812616041526535e-9
4.044023320545759	0.5658922418517882	7.009043146559472e-10
3.217161424926739	1.1373778871595794	1.0249697886613617e-7
3.1293431342714295	0.8885843526257076	2.3944494964957743e-7
3.6950251033690793	0.2536242872323875	1.0849371067850012e-8
3.731847699066943	-0.17042832085584358	9.452823470643825e-9
4.256516361776836	-0.10575019146442999	1.492456345742958e-10
4.660788101572668	-0.3835336124758018	3.767208108565579e-12
4.025584243364896	0.9450410511451941	3.924133385278837e-10
3.899333056538684	0.6137603284598258	2.123332618662689e-9
-3.227942675876284	-3.140899341856657	1.740341717563105e-11
1.74211949719048	2.8850047072999385	1.9011517442416406e-7
1.6215880644559721	3.779243810868612	6.11280063858566e-10
1.368674420173953	3.957776264922577	3.164948430521246e-10
1.2014186163763514	4.181765339688855	8.125379468358964e-11
1.4436973298611988	4.2736627868203785	1.7091912170853743e-11
-1.8763521224848927	-1.9657799488086398	6.2309882883604566e-6
-1.4033556406660221	-1.2992921582646708	0.00023505050192641736
-1.8593406345158858	-1.3513604131508006	0.00004560067651032807
-1.2050609349441674	-1.574035114553884	0.0002120943226844563
0.903920217887608	-2.6628665910379308	3.4501796870570897e-6
-0.9509204900716025	-1.9511638227896866	0.0000883933196682989
-1.6268922517125073	-1.9166443657362455	0.000016345807627625875
-0.32671683736241386	-1.8044071767583014	0.00034177375812952847
-0.35349326338809506	-1.4956018645392857	0.0008822983584613902
-1.2452481173429588	-2.421011270882734	6.632844082084651e-6
-0.6594587429297303	-2.2598233216803125	0.000030241425990467758
-0.5442515437570835	-1.970024043568178	0.00013846390120852072
-0.29113413004931465	-2.0578484623596918	0.00013813094323821397
0.10320613342662682	-1.8404533336740396	0.00032854609331298454
-0.08396682368522512	-1.430418809429022	0.0012071085266884673
-2.122096513702805	-1.815981279586938	3.419615857924437e-6
-0.08770082725657931	-2.787945460978513	4.593726549963038e-6
0.37229335670386365	-1.532984078489052	0.0008084967984221031
0.13464841421285195	-2.103063005301946	0.0000994454229168306
0.6418811634510512	-2.744154471581823	3.333827683650812e-6
0.4587244497267948	-2.526423656391181	0.000011087767392458688
0.49529275452599036	-2.3676168048645625	0.000027567579519598293
0.06908972878208745	-2.5393792767414216	0.000014490481406555897
1.117483746959122	-2.2501233966049226	0.00002058939896943442
-0.9271999848121816	-2.46847867133008	0.000010270211205656549
-0.6808220660049984	-2.7246482558688903	3.595322237228212e-6
-0.2716486548871408	-2.2832576889541287	0.000051600217541755586
-0.4298639144919942	-2.528647842005199	0.000014038384266290076
-0.25284474168511856	-3.027000108154232	1.093698690147915e-6
-0.011695129603729532	-3.057502000583642	9.459326491624631e-7
1.8593947737740615	-4.479206452501635	8.996431753903445e-13
0.3731585271923445	-3.243789305580791	2.7512579787816374e-7
0.7956745696049516	-3.324763924979674	7.021786251407534e-8
0.7437122956513537	-3.0569422600267915	5.178803011340232e-7
0.9494447816287039	-3.509964924210263	1.6987960241106364e-8
1.1663837993104031	-2.585534856763784	3.4309173900013428e-6
1.0921747270640896	-2.990167002853815	4.4678009130179095e-7
2.8476364904768703	-0.2494675801920381	2.3261173562923563e-6
2.6408751656090415	-0.4839172578206821	8.968953542739947e-6
3.4529844310695688	-0.7509619556725035	4.476368343699108e-8
3.1442487678779694	-0.9765565581854027	2.0212169824891157e-7
3.480835493601283	-0.913544906745025	3.049347987573097e-8
3.534253900144014	-1.4638048411756166	5.0106834000062545e-9
3.095574387791097	-0.14558203180655344	6.139681792010834e-7
4.687230319215907	0.9352023762534586	9.310935981539715e-13
4.3738897642305465	0.7998643385053019	2.241597104852073e-11
3.8854161912143867	1.5262106186333386	3.9612593756805634e-10
4.7110080506592755	0.7841270862898833	1.0241137514143822e-12
4.422138655861736	1.694456389803033	1.8097718943975644e-12
-2.139030105255415	-2.5309640539540723	1.6150148460107014e-7
-1.525507204368635	-2.7003817589739127	8.916199130575802e-7
-0.963233659234326	-2.3158339507188073	0.000016663265660440907
-0.689525837080861	-2.594155716063147	6.648537931496726e-6
-1.3606272594374305	-2.326631413307975	7.2103748080575505e-6
-0.7238897805446518	-3.033258996509103	5.124572721834546e-7
-0.3973354351024828	-2.806622875752527	2.9575693673309517e-6
-2.887043865389757	-2.667214097358025	2.0158575362167632e-9
-2.568372781256314	-2.5688803954353077	1.9079602909926455e-8
-2.7298060963455377	-2.454590667333979	1.2622110139004943e-8
-3.2247682886789426	-2.99825938503713	4.382946573194959e-11
-2.022993643405089	-2.6266284628178442	1.764177837802096e-7
-2.9605210617633606	-3.5916455245115646	4.5464747406546076e-12
2.081221313957636	3.3044813931155828	2.3275658073939007e-9
2.305296903478252	3.0377519106913353	5.479852799729289e-9
2.544981782130489	3.1509463971319267	6.107657118131086e-10
2.5365483305536713	3.4712841468479625	8.579735533434558e-11
1.8826458644265596	3.9005227764390287	8.322353220750946e-11
1.9375946792396372	3.7854085937427584	1.3581423522288236e-10
1.9728459102066742	4.437718358362296	8.001963068800276e-13
1.9220614087829209	4.069500789724771	2.0264959060814124e-11
2.2389057749165517	4.210442547642438	1.495699016715768e-12
-0.6268904574898462	-0.8617340217475642	0.002934018206126975
-0.4994411005285732	-0.9174770891679398	0.0030525445449981208
0.9480856826010493	-2.3670664559276133	0.00001658531924179066
1.2909797063077861	-2.640704021119646	1.5525234550714093e-6
2.032582821811096	-2.4898101376657555	3.6937425274003564e-7
1.2647789560547036	-2.9201061399049633	4.0714710032684657e-7
2.040399409704946	-2.3256347157599744	9.287140515227239e-7
1.8972250238835004	-2.9141375812358477	3.9869870943658195e-8
2.017761446212332	-1.9656886453489424	4.346717740637413e-6
1.7358653448297239	-3.3102726892622734	7.639820879467174e-9
3.6433809239246693	-2.1056631967010384	1.8715701415807801e-10
1.9125421667462308	-2.7077569260029417	1.1705384757757989e-7
1.477274554422923	-3.0780641570596283	9.39236567768995e-8
2.4573454667600116	-1.750931684581063	1.2841531919553008e-6
2.4675075705243548	-2.551435131327321	3.203031299913294e-8
4.0444376433402764	-1.8663663103536692	2.1861384341296647e-11
3.086820700354934	-1.3979922045964606	1.4255995846486474e-7
2.4262423864080995	-2.699442187501934	1.976578430733157e-8
1.9207196218195866	-3.162455482703462	1.0796898285856217e-8
3.816199475848384	-2.907401506799916	1.178887797194367e-12
2.6049438451658875	-2.3197126948714497	5.981367565458842e-8
3.2126559309636926	-1.6693108185102656	2.7163754775924775e-8
1.952838958573458	-3.0267711340260264	1.7100029846753853e-8
3.0426122912480253	-1.0976689453710538	2.925771129537082e-7
3.8981067162034897	-1.920635665314413	6.226153514415061e-11
2.1007318934996135	-4.326853094597601	1.087081427583327e-12
2.0394842924372805	-4.0932199133908025	9.484365433367681e-12
2.4682248269399936	-4.192614774130234	5.299278956331855e-13
2.2527462384975325	-4.331144428920021	5.677814035944379e-13
2.9255086391756655	-3.801454932928496	1.0550283828508694e-12
2.2839428913284396	-3.2966262861976294	8.509957008622743e-10
1.8005729030936235	-4.229714853126502	6.379382069335053e-12
1.723239320287141	-4.363207864309968	3.039349513938087e-12
1.089898307582568	-3.4543937437860004	2.3103306643695962e-8
1.6870401679391789	-3.9188256777728148	1.2034959926357188e-10
1.5663086521335463	-4.125882957806066	3.1802545906096427e-11
2.6652170479745387	-3.2669355113269547	1.9686236951801237e-10
2.790979719481775	-3.9961542612137566	5.243381195609156e-13
3.1492103667663067	-2.529777750678686	7.713134806972992e-10
3.8437363683350316	-1.1559663658321877	9.229847896325256e-10
1.526400833501527	-3.5575120421588524	3.116647267441594e-9
1.1441236653429434	-3.9035951807307825	6.289621093181068e-10
0.6875495181696327	-4.130762464319244	2.2433867333457225e-10
1.3999186960418757	-3.9321895816340753	2.451459803203688e-10
2.6896090810907123	-3.649450187692073	1.4085407007795502e-11
3.9271680732423104	-1.5737788348004107	1.4126562957855995e-10
4.335728742413296	-1.587938253311133	5.326547296658552e-12
2.2678656785266607	-0.8224435329187896	0.000034003399559256645
-1.278453078857008	-2.9161658422492316	5.42807985374851e-7
-1.0305828492150682	-3.1596542923929647	1.627066910682586e-7
-1.9058528082732922	-3.6827261126049473	4.1757210873859524e-10
-1.7560069883123786	-3.7241824295381187	5.076647455594258e-10
-1.7176395401043862	-3.329659131088971	9.532001561371841e-9
-2.210738795218607	-3.3967298648811326	7.371413889821638e-10
-2.2662760644743063	-3.6783857903290738	7.811817488445153e-11
-1.3295327185278782	-3.1434137143160035	8.221173973534477e-8
-1.263089899847096	-4.270468244896216	2.75960340525365e-11
-1.4249198309315116	-3.8134486914278583	7.285361667323203e-10
-1.7621404381874923	-4.01513363722864	4.610160690458241e-11
-2.032905470108542	-3.9619712584260673	2.2345089552115863e-11
-1.2650904751956622	-3.410901806203166	1.2976505468186098e-8
-2.2245174731475474	-4.3130402279343	8.703555888465976e-13
2.2302653393099328	2.560342961662277	1.2927026427941425e-7
2.693216690040446	1.5883656303421463	5.845298151785924e-7
2.1738932363464696	2.0837374825640684	1.0123888602939849e-6
2.0675390835894953	2.0172262522641025	2.1405625488314873e-6
2.127236931896765	0.9861945451824391	0.000050373406395113715
2.207524872948168	1.258375547153624	0.000016936860292861815
2.3710960458604937	1.904848090766715	1.1003936178391868e-6
2.345727845532077	3.930304312392706	9.569809420288335e-12
0.9891485506574701	4.423598417024266	1.5488556342805304e-11
0.45859696625114155	4.845092232739598	5.376277162990255e-13
0.8554515634684356	4.743155256874212	1.3386308710980804e-12
-1.0378042029724297	-1.1478440002272663	0.0007464350071829585
-1.0271119471905064	-0.8548981929122458	0.001762288173934352
-0.7784592274893066	-1.402351299314893	0.0005718324167091036
1.4947147450879807	-2.186397388337017	8.90163391398782e-6
3.088577485346718	-1.7964271701565024	3.5277314630183155e-8
2.7726887924833608	-3.1649997531895266	2.408038917988259e-10
2.372311395622772	-3.4487150711430736	1.7337077919361494e-10
3.130521270810886	-3.5222408540857733	2.460568242033713e-12
3.292958871750393	-2.969348546155244	3.487820262322078e-11
3.449564589139959	-2.280611887343197	2.907735397704298e-10
3.21804555157889	-2.3089203326266645	1.0769128803017112e-9
3.1148304087005756	-2.2224180952090626	3.971577593663661e-9
0.8670604369127358	-4.660026713360444	1.6167845820142936e-12
0.890743126950869	-4.265839498165389	4.12328811684908e-11
1.0416528099166842	-4.013292627205654	3.445384071954116e-10
0.6174238004955319	-3.507287973547265	2.9723842288497444e-8
4.111547066292093	-1.4143803919611653	5.0711110638702036e-11
4.438375002479065	-1.9965360054405004	6.040305808391169e-13
3.8162505417433614	-2.312952604336827	2.2763191957416253e-11
3.6247046465054997	-2.5222610285277955	4.701663720065811e-11
3.6686252945925055	-2.8203244213492855	6.2219212132623036e-12
4.839577366555258	0.7294013368792156	4.3285951624833104e-13
-2.791848534844559	-3.966953641798642	8.903596276589229e-13
-2.16598273673464	-4.049414359486454	7.049163355139893e-12
1.6777076840421918	2.296952527577814	2.9156150225363634e-6
2.0976622638214386	2.3044798387890513	5.619866832614863e-7
1.929463014057424	2.094748737818594	2.9741418946447066e-6
2.968079257009741	1.8976808815782	4.4781493335311966e-8
2.487733254609477	1.1375531531965701	6.886679659084816e-6
2.9487583427416166	1.576153673925267	1.2311393274775837e-7
3.464794706124068	1.5225878841618747	5.699020630720552e-9
3.3354300117274422	1.7723716694013647	5.939495290257174e-9
3.23033022816415	1.4265689611973043	3.4477646154818014e-8
3.479718161793405	3.0762812128026646	5.653850240285793e-12
3.1739277324330537	2.315772699303758	1.958713368402996e-9
3.559848266907775	-2.234671060423537	1.8950402226230533e-10
1.047436879015195	-4.469046868477211	7.30020027593863e-12
3.9162808126534157	-1.2937572411126677	3.139915649206294e-10
4.5490731063695655	-1.4553670116705004	1.1581181576734808e-12
4.489979199364037	-0.8372861363198508	9.495780223421835e-12
4.12133411767829	-0.5543762074049681	3.853475269696622e-10
4.4143810950723585	-0.7014290767186174	2.9992266035163507e-11
4.126866593750279	-1.1900732595389147	8.106520356291506e-11
3.9932127975849965	-0.26079850724388814	1.1926448385816022e-9
4.560370339973204	0.5821682259924026	6.497433728392932e-12
4.1723529686516505	1.903739717885282	5.77243373754128e-12
2.913082066446291	2.5534524928756266	3.261005386291392e-9
3.228259191520469	3.255953293621698	8.776585783682566e-12
2.5104626484022976	2.6013023734852387	2.6753186481252887e-8
2.5148315388071847	2.2702773892782413	1.1188386502259166e-7
2.468956846959217	3.845139312467519	8.984074473864869e-12
4.160696560165174	2.1645829587136167	2.8217770628977964e-12
3.7580710212339103	2.786641181768268	3.1312866150570396e-12
3.6716901588626967	2.275699951092262	8.955824423710498e-11
3.4478683718005767	2.216217944980738	6.261659666935385e-10
-0.5771368784087655	-3.7807293071531665	5.5135455186172826e-9
4.466543651754517	-0.5459288217640887	2.27833434930437e-11
4.422514010162246	-0.07213007918746854	3.733188983478636e-11
4.839290043549167	-0.37306519761918305	7.915398841596313e-13
4.205279258251701	1.5574467611558813	1.8739294369795165e-11
3.026687764686303	2.6685206949148648	9.419741478576604e-10
2.9978003554582537	3.379973385953677	1.853513041420686e-11
2.280549916404419	3.42719498375676	3.3110799785190407e-10
2.60948049232471	3.5915635315607553	2.631140397682706e-11
2.703896901053818	3.7494264554236847	4.95759305562265e-12
3.950721768466731	2.4914754085772715	3.492475196349977e-12
4.085377250812765	2.6038889321713734	7.710231326758235e-13
4.030728077596493	2.0830294857738574	1.0560306287863218e-11
4.027245228745973	2.734813254996256	6.225157676384423e-13
3.6627340941525297	3.266571094535438	3.7104977788262517e-13
3.3348120901373672	2.805253776656276	7.799716425507548e-11
4.3612642795014445	1.976641232382257	9.289006914298939e-13
3.929249350140998	1.811376883105314	6.687646780880206e-11
4.132481523445978	2.3052215875544633	1.981396024804336e-12
3.5115667578651086	3.235724808030932	1.3972576766416511e-12
4.830019396307447	0.43163925238338563	7.725062065744584e-13
-3.098937621635799	-3.702252937669863	1.2268196301926948e-12
0.5457761739757377	-3.6662871831823245	1.2935807826774535e-8
0.3221070249775123	-3.6953456707293433	1.0095711151623345e-8
0.04131495683680801	-3.876771024638915	3.6907443027948544e-9
-0.32142992321523645	-3.320151210713723	1.8124191952806954e-7
-0.4958724256707204	-4.006182137231408	1.0510801421533493e-9
-0.7034258359776698	-3.1902074194781482	2.1403286112125877e-7
0.17247028378337362	-4.696940212609663	2.9794549586128637e-12
-0.11020752660891955	-3.907869708930601	3.0662641029608506e-9
-0.16557441386296293	-4.434876156790246	3.245840630440579e-11
-0.816335580437464	-4.790369935124518	7.508264289606936e-13
-1.1422710039868624	-3.8582641009032463	8.070008826884222e-10
-1.580393357536801	-4.575801005219829	1.0345287052775966e-12
-0.9481494801841608	-4.536421853994814	7.150372640040594e-12
-0.5099856291558493	-4.8265466874925025	8.236623575955233e-13
-3.4493097631518608	-1.112349474267187	1.804146110348979e-8
-1.5494201257076226	-3.9241045212716794	2.2699065901466884e-10
0.23029247995162447	3.331149925943333	1.788744428051429e-7
-1.0091362465096787	-3.5339233345359893	1.5406900051403447e-8
0.9180192451873265	3.6607938553256885	6.7305634079831886e-9
-4.70604204845181	0.307261459426028	2.4941860418619827e-12
-3.9940220977273335	1.2585214492768684	2.512031193686198e-10
-1.9897805421678847	1.3941903844021015	0.000024427190499895015
-3.1588482022061486	2.3123658255245725	2.6312696452568025e-9
-3.6826269695364076	2.9391143042429824	2.3024932925693555e-12
-3.414199946809309	2.1944521610534062	9.331200021928349e-10
3.393709253966832	0.721393517926569	6.690824677390678e-8
-1.426902617919072	3.6947417054762046	2.2654249334294677e-9
-3.4833958629130928	-3.217767111782274	1.9780497570150085e-12
1.1033711886381088	0.9578097241669713	0.0010856417936320351
1.2823634931334353	-4.1196863072347325	7.415816469805315e-11
2.461062540655809	3.2802531403944646	4.901082049865065e-10
4.445915082517753	0.35140550233913115	2.2327654425078784e-11
4.0344219302007565	-1.3048260512419247	1.2001365156001136e-10
-3.6454513730227682	0.27201185432642755	1.535195780239566e-8
-1.7387884382237337	4.257909224481623	8.572384901852766e-12
2.0244507149900026	1.884888603886071	4.983109394645503e-6
-4.096240136585034	-0.5967464286449549	4.069775565863908e-10
2.1569918323338326	3.0867094072990815	6.8892743345842165e-9
-2.611598939288645	-0.3753469249572726	0.000011603470622168339
-4.504082161943766	-0.044598802408224614	1.7700457830245533e-11
-4.565667017266144	-0.18549156122070773	9.00637390347819e-12
-4.648269536635149	-0.9553240531939635	2.0828562547502908e-12
-3.7328126010043787	-0.8514636608642939	4.411474448700558e-9
-4.259646151096076	-0.6702493024182598	8.322099123349137e-11
-4.045152137945571	-0.4294207722740969	7.602607207126036e-10
-4.926292188097074	-0.18899705719611967	2.280748565880331e-13
-4.427390653194094	0.22071916504510278	3.285752868509584e-11
-4.609625479154366	0.40133608621464806	5.41960514229068e-12
-4.696288913429181	0.12861924824233556	3.032113008469279e-12
-4.0678109323392855	0.06244124132629186	8.103671461859425e-10
-3.733952906127487	-0.2174174796616088	8.957022547883218e-9
-3.622442392933895	0.42612841571266585	1.5818264583900086e-8
-3.8127352473895355	0.25617107399488903	4.888875690435851e-9
-3.2185317857459856	-0.19802288944094268	3.7297281461062e-7
-4.166868342050558	0.6232859671440238	2.0971958336976757e-10
-4.113016288080915	0.36172864414826916	4.014480494265276e-10
-3.3668859960481075	0.36117230468548045	1.0353500814047926e-7
-3.905788017274258	0.4729944320070315	1.91764673633626e-9
-3.438265770002693	0.6340977788368728	6.022503352955426e-8
-3.2723231398876673	0.08273567965493431	2.4628864869404486e-7
-3.72718729259192	0.6436287659945543	7.249617982648917e-9
-3.022438125878382	-0.45210908457800114	1.1369837651398743e-6
-3.952677800617523	0.31813004272916895	1.5435945311186968e-9
-4.444888396251453	0.357212695812038	2.319356113601013e-11
-2.989790836853111	0.4811761175149611	1.1658425178662228e-6
-2.9789690195463763	0.005407078368483571	1.965502151399579e-6
-3.572490255946994	0.7220825034765315	2.1276520005692397e-8
-3.8323036255818477	0.9129102338052931	1.7055748114292112e-9
-3.6872534592812922	0.9703400584274405	5.33328393800617e-9
-3.554681600402686	0.8758802523118848	1.9013500850780344e-8
-3.2804447525560096	0.6455000263995359	1.6705082323507335e-7
-3.2202132611424936	0.3645547123162186	2.6173827247860246e-7
-2.811956792716682	0.07826820669860717	5.240110425411173e-6
-3.1665003172422086	0.5255669784353444	4.0263881390650323e-7
-3.3085296723869604	1.72757410979969	1.245805889400224e-8
-3.8240326610107602	-1.513609887734943	5.152071579431566e-10
-2.203596304819948	-1.0775539135573424	0.000028129159110181385
-3.1592481141783115	1.4647844625785515	7.824525771151484e-8
-3.690671482203423	1.9589558687869908	3.6829627914826467e-10
-3.9403661263167438	1.8575533713277963	6.844638032508204e-11
-2.997247273512013	1.8184889470443173	5.880349994714399e-8
-2.8958350978260503	1.3763757564736996	4.406298172285251e-7
-3.3077022672495913	1.5550400266377788	2.050224244499802e-8
-2.9062700989368433	2.581192394115181	2.92467744249908e-9
-2.4737084719691036	1.1493269054634476	5.4907992016840934e-6
-2.7334042082612484	2.558725612964548	1.0553103482591653e-8
-3.2042640755277927	2.5758078553608676	4.31636908743916e-10
-3.102835277813152	2.468399834814308	1.4249429790294509e-9
-3.457479219184725	2.4362386421152373	1.962498237494818e-10
-2.2467940056878954	2.4679727369007005	2.111456473832206e-7
-2.925629290767281	2.4250191100670313	5.466599929135446e-9
-3.628273267630159	2.397980248512255	7.540491286838245e-11
-3.8953064963387956	2.3667557641573547	1.0445319569452782e-11
-3.471205015683567	2.5937442380241373	8.048954257565906e-11
-3.591162276603971	2.2218304563516678	2.320814053595563e-10
-3.7708673436792357	2.4600073441842945	1.7994448062996744e-11
-3.59138656417707	2.829491243798495	9.355505421757344e-12
-2.3250178612472827	2.6923001003204337	3.586141067930114e-8
-1.8990631237021314	2.382673976758776	1.293330331406447e-6
-3.4238489096601112	2.863503595463285	2.359451489933882e-11
-3.2477119116379143	3.3345887316897778	4.2719641588027574e-12
-3.0117503751281256	3.17841273880498	5.011212518292616e-11
-4.167651727952208	2.0107753320122246	4.866523114689127e-12
-4.045179917463357	1.7334766870628215	5.230128164014422e-11
-4.41234178349382	1.9637093612697967	9.477517336903687e-13
-4.106871333054207	1.6155697530274713	4.0663853149794576e-11
-3.926654378750949	1.415004325838293	3.2111409195363456e-10
-1.6232907506934469	3.0660146253902805	7.016275282163632e-8
-2.410128733495142	2.5393939577739664	6.094007881309278e-8
-3.0578703703678456	2.650020388067053	7.046586455246524e-10
-3.081370486582682	2.9600509767103445	9.975949379987029e-11
-4.183323361529165	1.858442520607605	8.388323791774721e-12
-4.751667567784136	1.214688937829618	4.864538976978136e-13
-3.7686155262746897	1.6789708586295278	4.4595246603787883e-10
-2.352528197631561	1.9238453905338126	9.214905732776852e-7
-1.7372532727855083	2.4379551096601655	1.5821306850036896e-6
-2.0014379343502333	2.2478526550113966	1.2403831649998975e-6
-1.4844650975249372	2.19271093977643	7.918766965081677e-6
-1.8919070514583838	2.7220108186507406	2.1881209133775e-7
-1.8022962635503397	1.9593965753393798	7.933673691639606e-6
-2.4842307215559463	2.750502271361949	1.1398567152037672e-8
-1.4347982096021925	3.0586775825796626	1.4180004595203037e-7
-1.976874197967893	3.314689628346672	3.1770145718989274e-9
-1.9614357758592722	3.0184635395507398	2.868956272680853e-8
-2.678198873406894	3.0784338200490997	4.981456907903328e-10
-1.5928172850556637	2.3862217630370317	2.6345881877733692e-6
-1.5366130761815358	3.3486157086122343	1.4176177510817042e-8
-1.6292651331744503	3.2119386663517426	2.4924077307607708e-8
-2.209064923260276	3.1086641191081372	3.728623024755593e-9
-1.149396477871908	2.466137133499448	5.990663845677295e-6
-1.367983040591717	2.307819298371604	8.428986625899862e-6
-1.3448700641837619	3.196218427523624	7.445968472258189e-8
-1.0040611220601372	2.4787923943346764	7.044285729841965e-6
-1.1969864917814674	2.6755247263920197	1.6641442758924895e-6
-1.1163580515544558	2.2222155594112944	0.000024022278587842473
-0.5016269649227248	3.0674364591285546	9.317354515099986e-7
-1.1870963188800692	3.2311418508305327	7.757532542820716e-8
-0.9730124310449756	3.264053915273105	9.079365524422243e-8
-1.022379650512054	3.0917656543056333	2.2437733586788033e-7
-1.3669812381810225	3.9757550478316537	2.928720526522268e-10
-0.9715427477977858	2.1872166036017178	0.000035421503034100206
-0.492755153810859	2.735152456903039	4.460631165054151e-6
-0.5709107453326391	3.2312200634677106	2.728032022098461e-7
-0.42938037410717317	4.696325500263473	2.308160890028952e-12
-1.54992691802321	3.9854869972467104	2.079511798673372e-10
-1.8329270765039747	3.941666156303737	6.696432512044691e-11
-0.7429255934739938	2.520588766658015	9.18582118074813e-6
-0.7651802043939018	3.925858107925498	1.2086936355072582e-9
-0.6037180982776812	3.939367719366333	1.6484749438690923e-9
0.3775494778020611	3.855344429716211	3.574904740605368e-9
-0.31436102742915395	3.5843408935298124	2.7522399327551775e-8
-1.3131528583422252	4.2429309803131	3.202616256636572e-11
-2.2923793093229445	3.4165261844676307	4.2530939878539437e-10
-0.8602727523522677	4.078731900815015	3.022416446413035e-10
-2.007893897407954	4.262927046122418	2.5762589776816545e-12
-1.566477456827703	4.177707410252373	3.331448599492237e-11
-1.571064113105276	3.654612913893055	1.5062326732477416e-9
-2.08988399516904	3.2133436718592194	3.8693772527507735e-9
-1.946697163474174	3.845493706747142	8.355015522656574e-11
-2.4161085766215993	4.2745565718744105	5.029027663848975e-13
-1.2047130509890462	4.370557992599851	1.1874886305966289e-11
-0.7296747857369074	4.630050768473644	3.8595076625100456e-12
-2.052014308800649	3.96322218036629	2.309752467419865e-11
-1.9627030493765605	4.4283572691615785	7.287063504687049e-13
-1.9902308056751625	4.117488570512919	8.800525880401159e-12
-4.414753486542355	0.5711588462632636	2.2323556119184733e-11
-4.319716638373063	0.8944000984631486	4.068043024279931e-11
-4.428256547797237	0.7160277681321506	1.641315031869083e-11
-4.314944592722348	1.3771434879477162	1.0736833911879488e-11
-3.9979730323972147	0.7448225274855166	7.182522606913701e-10
-4.592261954570258	0.5431275237928154	5.906139252309069e-12
-3.893634002560049	-0.8754027183813293	1.2548577184106776e-9
-4.025182940866854	-0.9859594208954588	3.1995610872370554e-10
-3.760375935808704	-1.0751825157357289	2.192830552217633e-9
-2.771385241553455	2.7518056644362496	2.692020507842222e-9
-2.5272170614582476	3.3033679299038523	2.8708625390357117e-10
-2.469959771300199	3.0239999744937833	2.2735073034112646e-9
-2.5055042763617172	3.572113626214531	6.457977082186265e-11
-4.062920573118734	1.4829474133962017	6.938799135757372e-11
-4.2614686067857415	1.5232897240746823	1.118767738213733e-11
-3.7423314028083396	1.1249052359172873	2.5193163747840116e-9
-2.205202663751255	1.2312536675103747	0.000014598754713086432
-2.2587446619394225	-0.9166500358910052	0.000030086751229512926
-1.7513649877059247	1.5208346914208783	0.0000406463663488882
-1.5827551839915697	1.331562946030075	0.0001466645389502551
-2.166216010640561	1.724548223775023	4.20824378234622e-6
-1.8522249822193264	1.402560688326206	0.000049775595671588454
-0.5511925788685582	2.0307665386176215	0.00011836604838150465
-1.7096405631182876	1.0301414210070514	0.0001853175486274789
-2.5381150342135745	1.0113568466161105	5.231654628799732e-6
-2.261628534763169	1.5153494295574859	5.652062620119774e-6
-2.1114063863885484	1.4716786811049596	0.000012351104013098386
-1.2510965076908513	1.3890076311789894	0.0003921343183508389
0.8683467186539121	1.584605013773765	0.0003702350166089575
-0.2075513070342314	3.1647677292479903	5.512104480054561e-7
0.7191592385026991	2.521616459369025	0.000010736493657055233
-0.044609498969951984	2.6567434559103265	9.785240887520375e-6
0.10980298214466956	2.5272173685656694	0.000016775156101093824
0.3961519025124872	2.7792470828399463	4.143241611361742e-6
0.6608156161916711	2.782892063774063	2.821499015929902e-6
0.5214138157276019	3.6691535004538545	1.1271299392921243e-8
0.5880715283020571	4.093852695197332	4.3060956209954097e-10
0.8811834068788861	3.2874588685694137	1.1133287767204385e-7
0.8916615220899825	4.143395302604068	2.1353124275397274e-10
1.0692563904811314	4.549695917921799	3.837643543589804e-12
1.123086978412419	4.697754546997912	8.172875564432371e-13
0.28202162253101704	4.423791739882849	2.957592416227368e-11
-0.5200697224687347	4.217984395620744	1.7999199229250492e-10
0.4239865470008451	4.172986477292882	2.463052445912123e-10
0.18194535192368858	4.807377098137185	1.4047247357139836e-12
0.3180091651849236	4.56307678465847	8.064155234087441e-12
0.6346904882960315	2.9467796999816387	1.1489461110778667e-6
1.1683510368012737	3.625624238884963	6.26379329142283e-9
1.3066729832962214	3.5734145286897103	6.371983694548101e-9
-0.0033859593743156796	3.6864632242017907	1.3188051160681513e-8
0.1501787341262166	3.794923316843743	6.3187306112536826e-9
-0.28115919091847763	4.007881625809197	1.0310227264963965e-9
-0.338020392086509	4.435046501310229	3.975530592435546e-11
0.01330344514990089	4.775922612717819	1.660717412690076e-12
-0.29987123079063766	4.722769515517924	1.9744583565109615e-12
-0.5695102734538074	4.6334983152495	4.00362983316092e-12
-0.8988988846848845	4.57659838247785	4.390784005832034e-12
-4.145558996433198	-0.931224241921538	1.3014341506742705e-10
-4.656019858293465	-1.5414825256124185	5.081848357624441e-13
-4.368420201882235	-1.391864390860923	8.54153521568057e-12
-4.515248345056595	-1.0218679655652094	6.032564941509218e-12
-4.4214280231281755	-1.1472052295554789	9.155091609196383e-12
-4.373685877568257	-0.7725932483625473	2.820563305864272e-11
-4.223297033685873	-1.3389677716842212	3.075149355728568e-11
-4.275985574209471	-1.113272829213843	2.957694207153142e-11
-3.4798513413458894	-1.73309110399406	3.5738083327187887e-9
-3.2090536812577413	-1.302127028985289	6.106179016147475e-8
-3.641112981261195	-1.675139620860808	1.1684546310145682e-9
-3.2582879059657377	-1.8423027240391987	9.906030350155252e-9
-3.788700970923072	-2.1985475075556318	5.595286372466241e-11
-3.42080328358898	-1.8765634611477504	2.8589377407544945e-9
-2.87403838180002	-0.7306292331529656	1.5975348720718286e-6
-2.6577263775992783	-0.8904920257151256	4.581354116991442e-6
-3.1359888232000848	-1.7385909475582213	3.182418537118965e-8
-2.4764544388082905	-1.4979965099900692	2.343280385489059e-6
-2.697371461937101	-1.3072407306054628	1.4981433258171348e-6
-1.1824403267211203	-1.1672628237340075	0.0005499209373119062
0.5709507587817159	1.4273412988023098	0.0007750799945397558
-1.9321543313734038	-1.0134042030889494	0.00009433898094439154
-2.1658051385138872	-0.8016666571291026	0.00004932154641534668
-2.1702506276510785	-0.6516661809497545	0.00005631225014587649
-2.487104329455314	-0.8090718626441503	0.000012303885309265966
-2.2741957719882366	-0.46797433375028036	0.00004400576379922312
-3.5636175708766187	-2.5005030572769593	5.948162306250277e-11
-3.5413433550989346	-1.9844819883579823	8.855886427377508e-10
-3.791384521551082	-1.9243342694543026	1.6142854843719062e-10
-3.6685720803173063	-2.2969140476280345	7.453169367743827e-11
-3.719566371611612	-2.749521768128222	5.946793805089291e-12
-3.3370616639097426	-2.6156430953428917	1.7550460661929728e-10
-3.4453375192134414	-2.133823148783465	7.481187779816757e-10
-3.241565869712905	-2.4947718885732124	5.412325953282924e-10
-4.2198855417869865	-2.0360980765748287	3.2443781579359244e-12
-4.4140470129784655	-1.5394412363942873	3.984746080596872e-12
-3.421764431275366	-0.8401049285180096	4.5426758581051945e-8
-4.37958731947023	-2.256985869893749	2.51133604423094e-13
-2.7689365603640153	3.421830285997273	5.0950857086260074e-11
-2.815194775243288	3.0195563797403553	3.617498727989731e-10
-3.430324282090939	3.024870905368448	9.352248596166914e-12
-2.625299604213066	3.218580749292741	2.703736477084608e-10
-2.8626054890974806	3.1796954762868292	1.0770878384757404e-10
-3.0013828370065614	3.5563092872773856	3.940424796488289e-12
-3.1609225058154258	3.0811621460343392	3.754822142433975e-11
-2.965386421336379	3.913864346747643	4.3628586887518083e-13
-2.6693710658719763	3.5518870619177485	3.423691148986876e-11
-2.6453826022466216	3.8452009680120676	4.830747624947381e-12
-2.2690401695245677	4.184365620912195	2.11246699720188e-12
-2.719162858656971	3.711437668013505	7.78017089868067e-12
-2.5091598176572973	0.06892187694093259	0.00002029424344010639
-2.9162735365054777	0.621398725684828	1.6669572269490497e-6
-2.46475005035919	-0.3026929854653837	0.000028951522098078855
-1.5834379583439566	0.29503745669329573	0.000814979614467135
-2.307418008485918	0.4727593728669995	0.00004741957220142189
-2.398968780538182	0.9421879970051154	0.000010931949565878685
-1.9391059208520018	1.1484804723658106	0.00006270554847202874
-0.009908381904128162	0.8074664754309283	0.005400752364984619
-1.7200368886185198	1.281303329436682	0.00010205287996832345
-1.5594050345519088	1.0504238071399368	0.0003298444921029575
-0.8703004105818908	2.4441499909326105	0.000012064768011417903
-0.5186393421356346	2.1975417675962223	0.00005726114332483516
-0.40564152564590356	2.4377048000177948	0.000021747718241787416
-1.5031602429978705	1.7148555846214373	0.00004895271291989572
-0.47195818385056815	1.6012190702505278	0.000638715840476105
-1.3167130105558422	1.536573379058841	0.00016827042963577852
-0.7791210160171977	1.90264492394149	0.0001479995938744564
-1.4276778362304663	1.8475697717002306	0.000035721156551478594
-1.2105726950939149	1.9465307020753848	0.00005395198071563248
-0.9493292989653842	1.5882489405540692	0.00035949586776923336
0.06674284562294841	0.9258034350674921	0.003749409473689149
-0.03404783529503376	1.0341285898124777	0.0028867567076654973
-0.15945930466222574	1.4467504253692627	0.0010861091777287914
-0.6023553944475349	1.683706997866658	0.0004858472391707854
-0.2745681159675657	1.6405993603929054	0.0007207031404896849
-0.45580284974622115	1.245070491790062	0.001769294414895841
-0.26170174828977244	1.801752219477288	0.0003881702675916095
-0.006813591743851417	1.908055544931989	0.0003081131031258158
0.2892135260955309	1.9635498242329	0.0002127258307481899
0.045433990436828456	1.638486631797994	0.0007222612904450065
-0.31186878865163653	1.2398872667967036	0.0016439136498645774
0.18447916260568617	1.5526153532463987	0.000831615049259925
0.3019014362526969	1.0709158419213298	0.002717286646276744
0.40287137226146763	1.7219096396208715	0.0004851051146382152
0.34050052403259856	1.5614216579192721	0.0008535809715597588
0.2402153197779467	1.3217407880262455	0.001457239468049291
0.5626207114147194	1.7364271649957381	0.00039778999607957257
0.5837858296923893	2.0256391173401367	0.00015127638015777429
0.10523861850644166	1.7796198832609245	0.00043996717925666836
0.8041934301985019	1.836733836952848	0.0002095306009909864
0.18146614805706557	1.1781445691458843	0.0019089043318591893
0.4328840264856929	1.1481839750866976	0.002261662362079787
-0.048810235968071124	1.2490172494124194	0.0016611624854230142
0.05986130376474474	1.153012432915965	0.002032501413912409
-0.18778661765292523	1.2010473045136436	0.0018685868985551938
-0.4529888736022145	1.0027250432020778	0.0031014571889305216
-0.49585599841527195	0.4312240594500675	0.006597082770052041
-0.8078954698824619	0.891068622541939	0.0031635970746123833
1.5113913745807357	-0.2627325155089385	0.0008390351164505708
-0.8323064041766408	1.076863377181091	0.0019194752405291427
0.6981188235676183	1.1664886647748622	0.0015726486104208823
-0.6549514965244572	0.4089295117598056	0.005871386643647681
-0.6986347905359632	0.6635415019019048	0.003925105052717772
-0.965228873382829	0.39679688200229357	0.0033575391457115523
-0.6789387917586279	0.2669675884501969	0.006712940980712624
-1.509786175418867	0.7492851229203338	0.0005426959659567378
0.6420764858311313	1.301946667928955	0.0010456393952276986
0.7383309864411743	1.560237880217955	0.0004179452589697821
0.9311973747596416	1.31110099280371	0.000777821818772966
0.9691204809081004	0.8982929198291147	0.0014897140492378426
1.3433522279783467	0.8571273976078758	0.0006697020570647221
0.7150795594550657	0.8286508040764451	0.0032269058975104748
1.0964585001852771	0.4713983399701972	0.002669634748798845
1.1384179001990302	1.430563446170794	0.000324278068857521
2.715670940142936	0.5591993238086451	5.953375169803553e-6
1.5971457618017415	1.8064662229083663	0.00004338766098214515
1.3098755190131215	1.104813339898342	0.0005098759506729737
-0.9919324395662129	1.0891302448464732	0.0013314332524439261
-1.9996947343281202	-0.6313618250665465	0.00012066970805202976
-1.1149533559977314	0.29495907347360995	0.0028271559607313127
0.6714014308190556	-1.0722749083887406	0.0021951819147922958
-1.4055524022826256	0.6472744247301196	0.0008025855417836205
0.652101845707636	0.5530904775590065	0.00494707853027241
0.9667363912280621	0.7408297722123903	0.002097326049361633
0.853925607348399	0.21857094551306586	0.003913701592533271
0.7148897001052287	0.40017592944671027	0.004332382998721558
1.1969999322629523	0.3473649789296108	0.0025171393308076784
0.23692126920818576	0.0592426245412369	0.008919797093192528
1.3705517925927608	0.3112125988123415	0.001734134744445081
0.8803729211920144	0.3739309125199868	0.00343552415301945
0.7187495449617904	0.2313896763272893	0.0048547876404850514
-0.3154262940517306	-0.10733555197080179	0.008096235430908701
1.5702994653298665	0.8118571361177629	0.00041046639773458123
1.409997034675901	1.0036537770272416	0.0004682697405106366
1.4453742947465316	0.7366993453675301	0.0006744816042395828
1.564377872934703	0.9861396631624388	0.0003559520402410855
0.372736437159587	0.4553373870270578	0.008151168382210514
0.30266281851672017	-0.31844241655669037	0.00813918892588286
1.9751706127779578	-0.8761478833831012	0.00011549689594074714
1.224561302849413	0.1062974486577372	0.002440295071025492
0.8209890231994547	-0.22508271955978212	0.005720374199256247
1.2560033686674743	-1.1064571832932641	0.0006045493606774274
1.9030496605034566	0.04054850338435887	0.00022249129738020147
2.11413641581104	0.042789695041208	0.00008422227574992254
0.24167014615967877	0.6427194742625912	0.007463790723760001
0.46369483032815123	-0.07730558572348291	0.00903182130090038
1.3668395454941717	-0.5497277587271896	0.0013082921995466704
1.6259717916693057	-0.9629759818679283	0.00027406953950309394
0.6946379862391207	-0.34568240138290923	0.007074528950721437
1.370091419479077	-0.30012677074843125	0.0013048815260265998
2.911645346214441	-0.524789691692155	1.4236919818855785e-6
2.086000158952288	-0.10069393478820783	0.00012682095946717513
2.0113095231187885	0.8761691579998514	0.00009202151293540292
-0.12361567578449399	0.3850384144377747	0.00694079247529255
-0.27404722091778744	0.2327978088483436	0.00721461562656778
-0.12500635921692943	0.2169740487845175	0.00825775369346012
-0.6945028491161394	-0.2279988892188496	0.006466390049886432
-0.023753533445013207	-0.3745060901948864	0.00813994780931855
0.2649915898088655	-0.8625533325105345	0.003847379456153994
-0.5802776387354481	-0.12052011270722475	0.007731862848638988
-0.4925284391959909	-0.4841651723014506	0.005802103391737679
1.492008460837545	-1.334906132263293	0.00020062260222382042
0.12306742923467147	-0.8051442186507597	0.004179198143756137
-0.10968050276465785	-0.6794442429435454	0.005069609196557151
0.6086509878618921	-2.0795305249015565	0.00011220909950796623
0.10747564467907567	-1.0877810642979995	0.0024738910935292605
0.3133744214850102	-1.1278214262984954	0.0023984172250737447
0.5241558434946753	-1.5222182314388377	0.00068924335037126
-0.6244519643891847	-1.5636878724591143	0.0004965268692127818
-0.03456490525065553	-1.0318618198333316	0.003283181637855498
1.7453489411604444	-1.0375800070346373	0.00014396850508480315
2.0126216524148495	0.3029270132322321	0.0001744026964297691
1.9869957863819063	0.701769340463414	0.00014267489701129434
-0.6258979596173726	-0.3884689345002568	0.005343998272793444
0.9987020539862309	-1.0169824193756813	0.0014856239112989468
1.2787889786263646	-0.8523271992976486	0.0008936539889668319
-0.20070828402330376	0.010518116384394623	0.010021915330476333
1.9572441805500245	-0.1900111758428097	0.00022134477113769523
1.7293103357754929	0.7846160678100748	0.00031909305531169696
1.9554077897177817	1.207276907717351	0.00005856327096926472
1.8377367248248107	0.9072699118666665	0.00017690056226004307
-0.7495343118394029	-0.4656381459683539	0.0036612504854526273
-1.199086350123376	-0.002191672465043126	0.002577673303745176
-1.1863065744291028	-0.1561515338387122	0.002409332051657794
-0.8999142945699593	-0.7874874020339897	0.002460092444928833
-0.419555828454647	-0.3695654225943088	0.0063825587833482595
1.0145543386759082	-0.7485210773944335	0.0022439141389490134
0.8278688523567732	-1.3796492486978436	0.000578790318494153
-1.35461198695705	0.09863773549602452	0.0016093073737663817
-1.6870538781549584	-0.4457434542108946	0.0005039643579606963
-1.5272359045768154	-0.6408373657544741	0.0007120446753259566
0.003441196724086562	-0.8800864157275051	0.004114081208982248
-0.18352425585498897	-0.4444017630388208	0.00782635392926812
0.7429648303948801	-1.1994477382637263	0.0012652463883479632
1.1813039183710945	-1.2457133753892442	0.0005694472054891109
0.9415469634255319	-1.2645786204990097	0.0007467638050901944
-0.1322865026073944	-0.8228541430823292	0.004117468087116248
1.284432992348963	-2.313342078651146	0.000010410778585016285
1.4701379049074619	-0.9819605708254873	0.00037792127230389404
1.5324034701009277	-0.5526744406495661	0.0008247482795424654
1.7389783831328312	-1.4762256282600212	0.00005299095107843191
1.8886707500549376	-1.0169772581089767	0.00009637408628319479
1.8113043184771624	-1.6083461459179516	0.000026280155443421727
1.9530079844135246	-0.36187486755298204	0.0002067016460972473
1.8405708691584453	-0.7549604554619882	0.00024272733240417337
1.8140925537076642	-1.7552101097827368	0.000018324949208789507
1.9909555868769082	-1.410533514377295	0.000023127523120585435
2.1212760950354013	-0.3354371946016108	0.0000936270357208586
1.9210221907302387	-0.6152290634425078	0.00017955241469144083
2.1424336360234393	-0.48683658113129114	0.0000794404842493522
-2.6237544214516038	-2.054578036050826	1.8388230040892528e-7
-2.51486779517895	-2.2660833514154515	1.0349527345665652e-7
-2.468517519160274	0.5631487603568441	0.000021076748625450123
-2.38759497894142	0.32648515470878203	0.00003272218622862723
-2.287141512000962	0.9769586057221361	0.000016137166129659262
-2.500207406056271	0.8059972933778816	9.722060884057779e-6
-2.1006198392104194	0.6547114483659733	0.00007542232779022626
-2.171556738843552	0.8788264815459552	0.00003172123221258404
-2.150912793478951	0.5114415425647935	0.00007871438466066699
-1.8552326158161896	0.2638329249547648	0.0003174724616681618
-1.6678705483272314	0.5709372806967139	0.0005520456462115232
-1.4789003754095462	-0.002309343658906063	0.0011476323177572899
-0.3883425237405418	2.2881186867078	0.00005008630311443057
0.6189146306269624	2.6592491482184535	5.86953427226856e-6
0.5333079951687674	2.349841222500153	0.00003170590994900785
1.3586740064918283	1.5258602790808438	0.00015734907640335975
1.7573752478060272	1.3691074603461681	0.00007584823573174373
0.6058282223561292	1.5922102387418706	0.0005084425013057819
0.9983182536471399	1.4522046452040795	0.00044247812807611346
1.3489996777535913	1.8447400897329727	0.00006442754845958523
0.9852921427575909	2.3961169182626647	0.000012864474822692562
1.610175311362823	2.146924995970142	9.122456795055042e-6
1.5710856683943593	2.6326143040249126	8.51367146272332e-7
1.1635744535914492	2.910357328010255	5.833133658883128e-7
2.7176684992869324	3.300513858674648	1.11855243439887e-10
1.9216453259734017	1.3719219291406848	0.000041732472684625436
1.8756476077562716	1.8220394334575516	0.000011101656796636649
1.6010579293986995	1.6281130084192883	0.00006590227090670723
-0.2752705396056114	0.5679123260891946	0.004876836721961209
-1.6793031309579762	-0.5862627060012238	0.000450814482320614
-1.6320235542714816	-0.010406920360070347	0.0007398980073565578
2.5270659300579195	-0.21725908337097546	0.000020943550390561258
1.0593367498933794	-1.3306896667514578	0.0004989014886947349
-0.2080239526620481	-1.5198114057404843	0.0009363314963594273
0.846317644358239	-1.7624101604559872	0.00020615457839898998
0.8428969767395573	-1.9059284420817033	0.0001342241899755938
-3.5053941927970023	-3.416467971745332	5.718914112219282e-13
-3.255363934902919	-2.738231884906219	1.6455214241990335e-10
-3.093168507879345	-2.4739339637707194	1.7779871669960233e-9
-2.6057766427728057	-1.5997340268996307	9.630114612731869e-7
-2.117057969141131	-0.4046234969690307	0.00009463551673640359
-1.8438090238713174	-0.26371994713476593	0.00029031762233821547
1.0483662751124425	3.0073439939535254	3.9920853176141274e-7
0.8211437247134978	2.8307351688428306	1.696279110196334e-6
2.3803774991684676	3.52090018399938	1.345249634204702e-10
1.5807977221296787	2.8063753388082477	4.0386972712542053e-7
2.6918756246100393	-1.0255115180180574	3.081962336389656e-6
-3.7250152456797827	-2.908434244294268	1.9806154115192702e-12
-3.773674191783576	-3.121219752392338	4.844292135148498e-13
-2.880832171754185	-3.853313379207927	1.1523561205593493e-12
-1.5788318039588476	-2.965671056915254	1.4342176194910566e-7
-1.7732979546943741	-2.3313947940773576	2.2926358910426584e-6
1.937970432347219	2.4720383164943804	5.859844362270758e-7
-1.7708369917862552	-1.064140359118571	0.00017059103594020285
-1.9742838398407379	-1.2612607463000578	0.000047406990168835155
-1.069536879317237	-1.6329343945107524	0.00021040545183328096
3.2027807657149263	-0.36931177642127927	2.7788978915353376e-7
2.4609080380868127	0.3990427567636409	0.000021485528563185592
2.4242626535612373	-0.33116236123229303	0.00003105375068191477
2.9609763999726306	0.046471476799925734	1.9283357249649156e-6
2.2402847795942686	0.26757777636052443	0.00005244486755276491
2.9170167273164123	0.2663932171144142	2.3620267945562427e-6
2.9561684269500543	-0.1807498986738022	1.5111051688239252e-6
2.2273102126993307	2.2378688273576457	4.6826335467502367e-7
3.297846512512807	0.4833743268740791	1.8769643764667833e-7
3.12374652435648	0.7170469278126226	3.9129913064271037e-7
3.834551618772703	0.764461347224924	2.8168462883036487e-9
3.3491755509792873	1.245938740199811	2.9284874782567755e-8
3.672187456701423	0.7765632612753915	8.47587117141712e-9
3.884244548039519	0.9118855173808816	1.3609411135567764e-9
3.156516286174117	-0.0053847352973729785	5.31996051228491e-7
2.931828008910457	-0.3991137490943233	1.2574623260199205e-6
3.0870786401279773	0.18026049971650482	7.47307792419784e-7
3.3360900803833706	-0.010955281232136543	1.6817100018847481e-7
3.9606723840092126	0.2955689476913131	1.6199772871881649e-9
3.8171974538041984	1.0565074118447242	1.6568563958279588e-9
3.811173119522211	-0.02844557923849823	4.825833436812457e-9
4.3187628620655625	0.4402005782441164	7.053745734072435e-11
2.8855153428309603	0.5318145215444964	2.208538772258005e-6
3.6035504550308257	-0.07400244368497733	2.568008831340535e-8
3.5275787084456405	-0.38456988439789797	4.084314174534875e-8
4.660242028320842	0.23060817816783452	3.976839716101671e-12
4.2101773171400145	-0.4067502393705678	2.2524410721290129e-10
4.191338728810313	0.03159331761100933	2.2357265323738285e-10
4.871311553303363	0.5750996130212253	4.4917712270430164e-13
4.459540456161993	0.07896559362295416	2.3307399484270814e-11
3.7864419175980126	2.5280276873960763	1.0752779965998296e-11
4.143180816361578	0.4380877505493536	4.021392036796438e-10
4.1370971667062895	0.6927984244527225	2.370723234378542e-10
-3.5706958314862844	-2.989776652016011	3.9156934378445185e-12
-2.1189428755206743	-3.7088068495507125	1.2664675698710012e-10
-2.7518714405620166	-2.3028971212667457	2.4201332766868796e-8
-3.0663948459746204	-3.214707258787279	3.687577653645134e-11
1.6559637702660983	3.3316500289273137	1.2883659180568816e-8
1.3621096773590298	3.0970028639944767	1.3416286839769815e-7
1.514637249000663	3.1505463607907798	5.973732488421499e-8
1.6584078519575713	3.047747270771302	8.043450827351654e-8
1.5999201192975625	3.495240659659213	4.859525798303092e-9
1.9230651647511436	3.321044481776599	5.325304602341195e-9
1.451013375627534	3.6389247995897254	2.9773987527114365e-9
1.105177399456048	3.8838596175245588	1.2551101796311844e-9
1.0197826385224649	4.8021239405371094	4.550813509382226e-13
1.5458160885483563	4.389332438708582	4.995944275039132e-12
1.2146272616081688	4.009062718708728	3.238309268345572e-10
1.4697296120890642	4.113667263260666	7.246665609951025e-11
-1.55206816888244	-0.8285796264634187	0.0005204331981426841
1.29020956786424	4.3348066542877195	1.5680709934435455e-11
-1.4540804666274814	-1.44573531112636	0.00015449336065103032
-1.2598568043498233	-1.2989465197745567	0.0003523749802966639
-1.5153008227739053	-1.1831547084442793	0.0002619159531743198
-1.3551102461667135	-1.5827061455915656	0.0001576897147247022
0.1865564177475277	-1.7182357691322299	0.0005480238751527252
-1.160531377772716	-1.4060462460460788	0.00033037634658455084
-1.7291351461905085	-2.032271266188398	7.730710759214112e-6
-1.2154588910481072	-1.8470808218555592	0.00007956015686066102
-0.9205825809124817	-1.5805881377277435	0.0003154167564725228
-0.7488359744199816	-1.7727467123143394	0.0002466416535160171
-1.0684723965120357	-1.7769445047056536	0.00013247129270246128
-0.645175733236565	-2.0549641158312473	0.00009621160069240572
-0.6165443014596629	-1.8253345400414702	0.0002648947456080848
-1.6186948592056944	-1.684954664670303	0.000048551564551149146
-1.6020462378588527	-1.4315559579928498	0.00009912655320337452
-1.9436732926298883	-1.6081248645162962	0.000013474686455810303
-1.8495044440497508	-1.5088730831241788	0.000030147606490956104
-1.7017604961046398	-1.5561939018501962	0.000046550821872646044
-1.9327917254547813	-2.273602881652083	1.7448766006165966e-6
-0.9525737742099357	-2.100645794366117	0.000044102875212449496
-0.4769940651463638	-1.5808838257252171	0.0006357035463102793
-0.4788462972071067	-1.7325597606429597	0.0003572478015355818
-0.08441756241512335	-1.6990045044973936	0.0005466042496664221
-0.35102850096044985	-1.3255613835223794	0.0018866956613282214
0.10418190330443092	-1.2489826367798615	0.0018446840118230214
-0.823071175588268	-1.2700660451039838	0.0007420340577639265
-0.7677194025479088	-1.611330618632963	0.0003707611990763423
-0.06463524550489222	-1.8577128750868555	0.0003386770196781262
-2.4474722307811225	-1.9927895906859046	4.2302745909961747e-7
-1.7374163683733732	-1.8017793704761156	0.000018368790694099257
-1.877284408959479	-1.7367135890623964	0.000013280068718651151
-1.6955188846157239	-2.178332213685345	5.267427859202349e-6
0.6676488859047388	-1.9253297328069992	0.0001522813118889144
0.5829061199711497	-1.8075581581880724	0.000253135337428017
0.4696791829172488	-2.14414930202792	0.00009556472144691173
0.14314472773607884	-1.9747725108175127	0.00017965147897538522
0.36579529491032325	-2.2991692044780954	0.00004377006988792718
-0.10157760076957596	-2.312472804028834	0.000049073454434467164
0.11401282162755115	-3.0280396726532954	1.0663525276869525e-6
0.8766972099306652	-2.5214220646798955	7.704310113666645e-6
0.15464236311179275	-1.547255872444131	0.0008862112818452528
0.00987026645599958	-1.5612967810553964	0.0008543435563324017
-2.158712160422096	-1.685007791126522	4.5423261291173496e-6
-0.8377067863261184	-3.621786376362029	1.519551716163371e-8
0.3241226454687766	-2.5629946696644055	0.000011391429644445843
0.6052127598006131	-3.1027281044070025	4.668560106328627e-7
-0.06211507455782907	-2.1568265032916054	0.0001049859742017991
0.1996643368200621	-2.7572904870665833	5.084357088663325e-6
1.4266012210016596	-2.56305113481229	1.6191414165849844e-6
-0.6437231518424562	-2.3884737509505407	0.000018237665616880944
-0.20495550989562733	-2.6898976190735615	7.036528596223103e-6
1.043556789452946	-2.699945167925321	2.497570099347837e-6
0.10230491327453953	-2.2437318201279686	0.00006420042141225332
-0.042124976339837326	-2.458550753691027	0.00002233583514290651
-0.31722895093543857	-2.435391198661474	0.000023287883141307174
-0.17586932172638595	-2.52858721908533	0.000015240557448775321
-0.5268644726295844	-2.214787454172448	0.00005660838031139852
0.31031342300745834	-3.3877308940854522	1.2011659158494959e-7
0.6252999728420787	-3.361337866479026	8.426546120730832e-8
0.537318945444242	-3.2582682154386893	2.1520944609433674e-7
-0.6529695235487196	-3.63312751066937	1.6770396851218218e-8
-0.3620001349453202	-2.674324480712027	6.509979694924462e-6
-0.05578873333907666	-3.571259319380638	3.623178853160253e-8
0.9680401285952	-3.178084175418004	1.7370484815131263e-7
0.5078004821766765	-2.815006527779833	3.1056376927273047e-6
2.513161685273831	-3.2165164433099065	6.60133699068649e-10
0.9379154708884129	-2.9890066340979993	5.714171420812842e-7
1.2686216411903555	-3.965158586839782	2.554859141818499e-10
1.3000398219760514	-3.3031555597845155	4.0338351728298605e-8
3.0328641438458743	-0.6037527675181698	7.118658442583081e-7
2.5090039765259067	-0.8069364308684506	0.000011187013806516497
3.183666309641902	-0.6127175841203163	2.5506032146498753e-7
3.4159448812131603	-1.2459552088796628	2.3761165519233347e-8
3.1339246239964647	-0.838079885314213	2.5972613426223866e-7
3.937210723748955	-0.8189714112972745	1.194002168571779e-9
3.512974357134459	-0.24185433554421298	4.431276957826017e-8
3.066179723490024	-0.34874487198398835	6.459067945516405e-7
4.671330488286598	0.49934845298792246	2.515676121139549e-12
4.357931445846524	1.3076753400716736	1.333735173752174e-11
4.136198643375608	1.0797099130760068	1.3192617623639906e-10
3.0467387350997077	2.1452792009961006	8.47998869576869e-9
4.032212104931733	1.2068314313277075	2.6042503516597333e-10
4.4404221575709375	1.0734636420720907	8.32728171309035e-12
4.503621887905749	1.2016764209683193	4.161726944197574e-12
3.6608547574944206	1.0672962105367307	4.693764074957696e-9
3.809216600222456	1.3869642428410662	8.998475592819938e-10
-2.672858881856046	-2.197198960727548	6.91407967015138e-8
-2.0448682413102843	-2.3917747515160523	6.184398627954059e-7
-2.1421606704780363	-2.7425692971427598	5.3573471472906694e-8
-2.2731484828559756	-2.8160702076079707	2.2665366454191936e-8
-1.5090299609975495	-2.395301441053662	4.230258802250515e-6
-1.7752967304182974	-2.5021543688462327	1.0144733765879503e-6
-0.9941080617739666	-2.754677333681754	2.4400156908531065e-6
-1.0941374583451047	-2.180755622750356	0.000021845692815593054
-0.7878724591472069	-2.4841778885787016	0.000011480982140566029
-0.36816955483416447	-2.947136235558998	1.3581638783054585e-6
-0.47132791926407275	-3.059611255794651	6.277380396847303e-7
-0.4787418718069764	-3.2823215749348784	1.6771976226724568e-7
-1.1169703836641385	-2.893463127970281	9.069294411303838e-7
-0.8394607933372505	-2.952722163028553	8.64307057188132e-7
-2.340608626515672	-2.3889890015050748	1.266249073087255e-7
-3.0357865081986657	-2.6499511827045064	9.861390759384627e-10
-2.6913800182723215	-2.6226302183984913	7.12756768628941e-9
-3.0938593630066857	-3.4071325545538693	8.589692958306788e-12
-1.8707161043460743	-2.6228112832293458	3.5675597287930196e-7
-2.3119267261380814	-3.8340935354099637	2.2914174375187358e-11
-2.268723274536252	-2.982006282620601	7.973049541120719e-9
-1.6166211547282807	-3.1963113997638044	2.9484777316668314e-8
-1.8814997742950876	-2.873574627645772	7.306931389392981e-8
-2.8971185073059367	-3.178853711701452	1.208611927965319e-10
-2.764517869268351	-3.374342030644358	6.177220341175757e-11
-2.314778454140009	-3.1348354741205995	3.1184871373720134e-9
-2.0243553676435315	-2.8509000801552236	4.645161526819686e-8
-2.212685593058912	-3.25106158854357	2.50272250365398e-9
-2.722536894703602	-3.2046608015864053	2.738657045615302e-10
-2.6496795400887003	-3.462448592555261	5.836333383363558e-11
2.17156430518039	2.7177590179578264	7.853378147448748e-8
2.007312627546192	2.995335962320348	3.240603184833575e-8
1.8220163538801926	2.329502247528001	1.7165701748520195e-6
1.2325940619282478	4.467250807586796	5.234406696342906e-12
-1.2795285396376965	-0.7893023805134214	0.001142639086584083
-0.8075101148550956	-1.0415148095986368	0.001579053296394268
-0.5235577223802143	-1.3256942999451953	0.001359657481821542
-0.2545038243582197	-1.1992323630199795	0.0023351138316379328
-0.10635365553440412	-1.1823526792987384	0.0023802865396105183
-2.3041468816361603	-1.6606393347751727	2.708353125128915e-6
0.7696414675159983	-2.1374829547055967	0.00005877020028200227
1.5567878222521327	-2.881476552747512	1.9334815305866541e-7
2.1671551230113746	-2.5974721019084694	1.3890141915976515e-7
1.6587658509674932	-3.0732499076852977	6.258257721128068e-8
1.9708536933122882	-1.549563305233803	0.00001654560363895598
1.5636221318976122	-2.6186797424334727	8.716341317254716e-7
1.6879201136140183	-2.6048620647665124	5.165852013480054e-7
1.7736738480579433	-3.1826726772372322	1.636895642152464e-8
1.7785273438667213	-2.7173016368424245	1.9029600718382253e-7
1.7233546920458027	-1.9926373669583146	0.000011386169244289824
1.7661493072849401	-2.266193049071219	2.8009689661290648e-6
3.0210980838436137	-2.9934660417293917	1.933026169053873e-10
2.258936052668329	-2.0819725410162206	9.575809860736385e-7
2.189897903669078	-1.9341880418863264	2.4630805134838075e-6
1.6902190367320493	-2.8212961950924296	1.5855246319328608e-7
1.4912852277908497	-2.753121032267552	4.2167623953554666e-7
2.156475719611155	-3.2418185128600405	2.31688991511059e-9
1.9736890302831251	-2.8225987568585853	4.994862567543596e-8
3.3516399884772015	-2.694235397677893	1.2303372561944791e-10
2.451101550770858	-2.0331419620086306	5.791856418993867e-7
2.497536464109531	-2.1971255296555876	2.2207453794015596e-7
2.546617572881937	-1.8980426870235492	5.481175394022991e-7
2.952976532868508	-1.698576726579713	1.2098403811816848e-7
2.796220587667236	-1.763078356816636	2.4070220922325115e-7
2.388402341299178	-1.2456956382517699	7.758622588608508e-6
2.2031721584899433	-1.6286774889840199	6.100836632903382e-6
3.2724550346140098	-1.1705556940702362	6.085053159413002e-8
3.1178024480221067	-1.2481634558304187	1.6474765106730634e-7
2.6033215629251423	-2.4927415535841195	2.4537909888254555e-8
3.3476665199878655	-1.7882704359477335	7.906639565159576e-9
2.898293980097889	-1.1226579402156371	6.923485998872674e-7
1.9788062670447495	-1.8072044856334097	8.353269085717815e-6
1.3408345741549477	-2.7743803487368233	5.997014605182321e-7
1.39386663239309	-2.9672970111838546	2.0897357038662414e-7
1.4337770057370967	-3.216750184847366	4.7948206617321476e-8
1.7783937086267658	-3.452474922805164	2.6339789176631736e-9
2.2264070296400393	-3.109180422276005	4.68034426442027e-9
2.1018754862407474	-2.7456137642071083	5.9531663486104865e-8
3.2397323424463815	-1.5142409742893352	3.935615077009381e-8
2.6442045952454283	-1.1854779083370022	2.991263259309896e-6
2.656762985775561	-0.87195621109354	3.952232605347913e-6
1.875968920364014	-3.6753729705156655	5.622471654677391e-10
2.199541443713558	-3.6479178919322592	1.5334610452670143e-10
2.1663728538764597	-2.885306283928081	2.0742881953240375e-8
2.012461884745562	-3.4359453828316555	1.2277796440733913e-9
2.7264933239832936	-2.5879589333323745	5.652918026523784e-9
3.708078930636341	-1.1966598567034656	2.515365123770354e-9
2.5740921758562876	-2.919730942626487	2.9708073650921824e-9
1.968218514673714	-3.950058231523074	4.01673049238451e-11
1.950946739263679	-4.235747079574685	4.5974552916814874e-12
2.262607761760486	-3.922453261304643	1.7500739388421282e-11
2.107891698040311	-3.5332756214259033	3.834371148612595e-10
2.383171103810273	-3.6336295870611326	7.599252925902723e-11
3.6376545833512375	-1.8787023841000199	6.893789157571104e-10
3.7756409915119	-1.5490007297277664	6.105182187710989e-10
2.196044162482613	-4.075211643457191	5.80629202770438e-12
1.72711066620667	-3.7611005671427193	4.684610624322994e-10
2.646793236524185	-3.910199821881589	1.851774881507285e-12
1.4569577324743248	-4.295374148223174	1.015278057868308e-11
1.5717446951584142	-3.7105738259215357	1.068470206105727e-9
4.1729468329883295	-1.9160730745209105	6.263053200333395e-12
4.269801477599907	-1.7168192487789622	5.971063829236989e-12
2.3112176773162423	-4.160164867398665	1.4118524069377844e-12
1.1519397368118753	-4.284527303988609	2.502242011335575e-11
1.586242573003624	-4.359910498772921	4.845901623720889e-12
1.2623026930624022	-3.698241581972108	2.7835148724305143e-9
1.2203578492709326	-3.5371700943792943	9.34869886476172e-9
0.833367087265995	-3.444387730834623	2.9782504203271453e-8
1.0925480428370316	-3.7598742999435415	2.7161754073333315e-9
-0.04487257314184295	-3.230784676066848	4.150605143151857e-7
1.33510408378061	-4.4890972387800385	3.4314041965772956e-12
1.417661490406721	-4.156332279668519	3.670548901487189e-11
2.7416759369282464	-3.8024556968529044	2.841988509975203e-12
3.931643415203401	-2.421724881119493	7.47290632422418e-12
3.6164743832635406	-1.6106830593441288	2.097393965970981e-9
4.056343643560365	-2.305122938003034	4.801499948426283e-12
3.8828522533627643	-1.714492556939359	1.4103913824953652e-10
3.8780105033380248	-2.5856272939841616	5.541449339765e-12
3.1820641809852535	-3.0599196246069145	3.84409129019646e-11
4.5300070828105685	-1.8868974759466464	3.9253675110117955e-13
2.4579379009046125	-1.4778924816140053	3.2188573058635516e-6
1.8412712242596005	-1.237416320293141	0.00005624616879404409
2.100743472891718	-1.3429260380020407	0.000017344786227527573
2.5434154086568683	-1.3249758913862466	3.39824976919521e-6
2.244006154414676	-1.3567913476517608	0.000010583092919598238
3.859121451832991	1.2185263741999368	1.0962528860135706e-9
-0.9948996640434951	-3.0159223165563227	4.3214433354907974e-7
-1.4687926033503471	-3.4453796592770356	7.090653745121514e-9
-0.9831191592157542	-3.3754067111116246	4.8092214041863075e-8
-1.638596325962914	-2.8266095923403434	2.475946829497082e-7
-1.840081935930104	-3.0415315558696885	3.8085909279915155e-8
-1.7778721274251283	-2.7584264107519316	2.1933104714116424e-7
-1.9876105857155748	-3.098675682781674	1.4224627229095738e-8
-1.8770710203928402	-3.3575066126510666	5.70893486150107e-9
-1.149344590737074	-3.3221947544277315	3.891325220253389e-8
-1.4270366395026415	-3.007205244531474	1.798311911326071e-7
-1.7156577185449613	-3.082826066187974	4.147287487894412e-8
-1.4662178662374343	-3.2239362809100336	3.4225052627364144e-8
-1.9434516562456898	-3.515053060588536	1.1664565805468547e-9
-2.10939969455668	-3.522149954961424	5.653729989197115e-10
-1.6107430399651776	-3.4378176877142472	5.45168738498523e-9
-1.7132253226447909	-3.8737878573246682	1.9702216725365325e-10
-1.1325177213605442	-3.71396177648734	2.690722917946041e-9
-2.329614646127631	-3.511932685952827	2.2810752797499477e-10
-2.9207556175916882	-3.431815701192085	1.9407777172003562e-11
-1.7132315639286693	-4.180788563025681	1.744190391906429e-11
-1.842518235155463	-4.2861175141401615	4.6016779939912525e-12
-1.3695260669702143	-3.3439361652285506	1.6378285100332943e-8
-1.4794145169209802	-4.081006736835051	9.135246927634057e-11
-1.3268192196551996	-4.135271879159905	6.243136792715555e-11
-0.9669375673997954	-3.7441974200373873	3.3809400948273833e-9
-1.3940397062660868	-3.5874761286042838	3.2188235433733694e-9
-2.446969977845373	-4.0128229217216616	3.294134866357371e-12
-2.518844814733641	-3.5529846398744684	5.5435565619620877e-11
3.3396266708506577	3.344294254969774	2.4300653785342864e-12
2.1346572437555165	1.7465584029086971	6.440300437541645e-6
2.288589173070816	1.7511904079452458	3.0869406749884523e-6
2.8298281579800766	1.6527144029118237	2.204401522520575e-7
2.690392552944242	1.918008908209925	2.0890500832980954e-7
2.109755538217033	1.1464054711205833	0.0000342226115102633
2.676068496691688	1.2014741241597546	2.5288352987291156e-6
2.7772183254951224	1.3571764113927705	9.428204790712239e-7
2.4219612880209356	1.6381609434487463	2.1890579655173633e-6
1.924635845559789	3.6511637106119306	3.9483935480467704e-10
0.3932575792722297	4.672016209386486	2.9080315428998505e-12
-0.9599629817693083	-1.256647201887179	0.000591507662970871
1.3761371969182996	-2.4330272382145366	3.998993902904537e-6
3.0351661269946755	-1.9593370590212023	2.6893832325838737e-8
2.7958097692482604	-2.8598744155149114	1.3471692785450663e-9
2.4214906571042336	-3.2995836024437217	4.746220714988689e-10
3.0163717018688567	-3.6927730090322064	1.5440878286683793e-12
2.6964572165139513	-3.417915137906583	7.40556570253942e-11
2.8539496764281735	-3.440587716165818	2.3863122757799292e-11
3.264724405775038	-3.4465912781208576	1.5197057408405531e-12
3.4544548035346843	-2.5634183595031854	1.2569543334567755e-10
3.065273923281979	-2.8248042242924742	4.0418824205728415e-10
2.529904341653972	-3.7130317788927605	2.09328736260849e-11
3.5721605525582727	-3.2896993259865224	5.814669584345038e-13
3.369068987991278	-2.8426749312267074	4.1756073660457534e-11
3.301275129890795	-3.3056876519269585	3.257902754425978e-12
3.3165768591735127	-2.213649173143884	1.0074559913617422e-9
3.284378984350286	-1.9533667190596378	5.506669085821557e-9
2.9299249157962937	-2.5652464054644617	2.8668817803738575e-9
3.1683090448285145	-2.682332634885193	4.559245739356711e-10
3.2525083199935025	-2.443121656684933	5.442241905216882e-10
2.863797764823163	-2.021159058192286	6.14168702345468e-8
2.7457554189285	-2.2617674943725166	4.155365379496085e-8
1.0155963394989898	-4.3011468927507766	3.011088269773239e-11
0.43942665787868546	-3.9563780403013467	1.6127349220474049e-9
3.5300965215319766	-2.8572127828735576	1.215869064494763e-11
4.558490250549774	0.9871504410751594	3.8526994651396986e-12
2.931193901980227	2.053810820051291	2.8126875902217836e-8
-1.9000301714661085	-4.015410128885861	2.456803193632443e-11
-2.6048021176551646	-3.9135215310814617	3.0610686849498697e-12
2.569208229072934	2.8826333741477805	4.4475483387889344e-9
2.9169517803344633	3.4986402248891344	1.3112069960491479e-11
1.738039937392182	1.9105834599805231	0.00001335490168058362
2.796001911607057	1.0706279860196586	1.6586511205884658e-6
2.968816136912662	0.9222339846514881	7.391140786886962e-7
3.2298739000652894	0.9889256436185082	1.1482684468223709e-7
2.608059117027783	1.4353904127676806	1.6400177380876888e-6
3.785359006711151	1.8065303155411343	2.240692645278813e-10
3.2141805244226003	1.8648563786935919	1.023417461522903e-8
3.454672878213954	1.137343944564358	1.8091006618867002e-8
3.3952199753104875	1.3902633696203879	1.621042231487215e-8
3.0788764189132274	1.2362332401513518	2.0098935255379414e-7
3.61485414784726	1.5820484960865986	2.250163348954533e-9
3.087283452891481	1.3863943941292691	1.0413535555282695e-7
2.797601863686406	2.2975736915170573	2.197462263899473e-8
2.8287882875372277	1.8157241482535524	1.5220240662415078e-7
3.2404563317115533	2.158751981591872	2.6826944309537683e-9
3.3767819684035354	1.6487639742003894	7.537746947782088e-9
3.642909561751204	2.000802862693669	3.168227981086819e-10
3.161719976360289	2.007902612640393	8.347620169918885e-9
0.8237237650028977	4.4512286160845544	1.6029131157149855e-11
0.5930045828165955	4.514024008437834	1.0638937441489204e-11
3.375663750152735	-2.083073495238261	1.444325595803127e-9
1.4978005825205885	-4.496739588557426	1.722819881242882e-12
1.2874019587558045	-4.3319538340715065	1.4102182521427353e-11
-0.7597944050490852	-4.217054920915852	1.6615422223844568e-10
0.1805857818615357	-4.1107796905036205	6.168991128302301e-10
4.2790376592561685	-1.1985351082336022	2.681169585614022e-11
4.8906640039259175	-0.5378384546355267	3.3506836395796865e-13
4.243891902952313	-1.348536596870384	2.0680448184360438e-11
3.8172475083273216	-0.9257797289400304	2.5016096845902658e-9
4.384685271676426	-1.101084431032531	1.3516531828401313e-11
4.208236011961574	-0.9561293722216245	8.913000491540476e-11
4.364547077218213	-0.9395751092089062	2.606587391298961e-11
4.079239611390261	-1.0560220768537698	1.9163551199408707e-10
4.623965407544965	-0.8746108588937874	2.64938612280273e-12
3.554002871535045	-1.1345992060758532	1.2357045860583683e-8
4.106953585640517	-0.8244448519814384	3.053570005294446e-10
3.9517351299388945	-0.11642947395042372	1.6798851361563228e-9
3.6904290536980593	-0.4552993296876766	1.1091322052559013e-8
4.6104803577192	-0.24612551224638965	6.590467178450218e-12
4.463446224297336	1.447406566977238	2.931549889852521e-12
3.9449660615629942	1.6671948158728773	1.194688897992418e-10
-1.5730918540765984	-4.241883669674475	1.6621897372407697e-11
2.212107589541593	3.2252690514433064	2.0557746491749408e-9
2.8470921660727395	3.2785259000156692	6.55877602919164e-11
3.4363830861468916	2.5238893018702333	1.4040793532010446e-10
2.7094389717571223	2.7816169653392686	3.480562842184934e-9
2.890994905616597	3.1225013788015143	1.1520584705999601e-10
2.7683771407584667	2.632900695277256	5.214530822148427e-9
2.9697203568662576	2.8035830006598776	6.695159660658327e-10
3.0230976935719793	2.2987244945153282	5.3279573376143115e-9
2.355453757249158	2.3287690268523074	1.9082229645300728e-7
2.7989477618258256	2.1312172561068823	4.964582384103835e-8
2.6031140270952564	4.050720043271495	1.0106832584120055e-12
3.8896428401230208	2.1103411191991297	3.338954793938112e-11
3.80358915492883	1.9868253436414978	1.0587324920099563e-10
3.6611569475735655	2.4185548249056397	4.94025624311642e-11
4.002634273190413	2.876142108202468	2.4712986328026664e-13
4.442365876332783	-0.23323340604431994	3.015429938161074e-11
2.9302854203905	2.4095469946301735	6.57596909634208e-9
3.3139036434563582	2.65334524158333	1.8027256267235074e-10
2.188210358692393	3.933121537569473	1.9851830386457135e-11
2.100618853473134	3.8148328541688565	5.5230843166900305e-11
2.17335716741353	3.687407170837057	1.0127435247603432e-10
2.8528172751891585	3.78337690162998	1.7769460924828241e-12
3.8641910720199513	2.916736330810403	7.286444653167135e-13
3.777918800379241	3.1542583792678096	2.7439777522874184e-13
3.0919136398135296	3.271950139538893	2.0084021422495818e-11
4.106041994505651	1.6856065294444174	2.4754233884718962e-11
4.346657907147205	1.824394730326559	2.1948234561691794e-12
2.33928698157826	3.2895515911227333	7.538352302464907e-10
2.6125612162011462	3.3583573858556584	1.2573466131407307e-10
2.9726941870379875	3.658322232997298	2.669644638007294e-12
3.13229277133526	3.606222473863763	1.4861074569584668e-12
4.409474501891174	0.5760088904768608	2.5152198903975034e-11
4.618076393564246	0.08975714784886782	6.407105738605098e-12
4.587797189171108	0.36732769634946355	5.793841759050921e-12
3.5708822244106844	-0.6516528727173577	2.3732156178746792e-8
3.9310040791853966	-0.40133935520824143	1.7876409586630786e-9
3.7247661111399393	-0.6387311353475265	7.857468517459279e-9
1.334644865852986	-1.7887331951123184	0.00006421460158102204
1.285161779868574	-2.1263563861239505	0.000020750629237433408
0.66213122083991	-3.98070528457328	1.054385601238e-9
0.3598985442120157	-4.105585027444887	5.237521381773582e-10
-0.019686877189613837	-3.3894523611699285	1.4975599310715955e-7
-0.2570060380720254	-3.7895843147570445	7.80282579655046e-9
0.15287103388677803	-3.4186260932086894	1.1388808790144537e-7
0.3161108267820912	-3.8310701000227216	3.955027075438356e-9
-0.19552810536301685	-4.046825615405177	9.511213436663876e-10
-0.556028159648196	-3.172778918016633	2.5337309808609615e-7
-0.6265415900121561	-3.4068114878956712	7.909214975462909e-8
0.18454413354827154	-3.9341714150137017	2.15977119317273e-9
0.9205468392585738	-4.540183149597454	5.0392331974838656e-12
0.8404128853767533	-4.404985048629675	1.463557546313817e-11
0.4603036864559987	-4.619518598358517	5.555343500983e-12
0.2932223901168799	-4.597341077943771	7.741528446175685e-12
0.013342563460687629	-4.6537957957667055	5.1766872552547035e-12
-0.280901454914533	-4.5765379986217765	1.0769584767009872e-11
0.07085120012566579	-4.220849697272318	2.4655533604652273e-10
-0.22307439452006034	-4.294882651538369	1.1065167611952434e-10
-0.40125568082543406	-4.270988414385545	1.3798537045058723e-10
-0.36871517851222085	-4.099100006431547	5.936805297061985e-10
-0.7212603393829856	-3.901376679590598	1.98075913336596e-9
-0.43263764275018557	-4.556855764356495	1.0312598354009156e-11
-0.9905342866187399	-3.959307107918214	6.191003624326938e-10
-1.5516013641729023	-4.403236646171188	4.583768188349261e-12
-1.0905768842527415	-4.302960772415854	3.345197873545851e-11
-1.0845856286980804	-4.470652809572834	8.596213884124528e-12
-1.3864369088303785	-4.378172377217848	8.05145926884383e-12
-2.1149678028580694	4.463520154983043	2.0905677899912963e-13
-1.761805004417354	4.617348899234624	1.7459616605487e-13
-0.025645498201192905	4.926611509086837	3.3234035625382135e-13
0.3180742978641189	4.900662058863891	4.501467567560646e-13
-1.4454481648153588	-4.688529746769507	5.079113739917473e-13
2.4176840615146986	-4.309665353265644	1.557683240046938e-13
-1.752948959818245	-4.569335095477758	6.628721895194094e-13
-2.7123534452528837	-4.103391636406812	3.5179900543806453e-13
-3.028809415148871	-3.878543247020037	3.4976069492649874e-13
0.7233952600501918	-4.888179300796235	1.664931233579632e-13
-0.6874634907277708	-4.870692703351059	3.353397136988314e-13
2.831803387355672	2.892313521245952	7.647779102846161e-10
-3.188815057832611	-2.22609899384749	3.202909097512171e-9
-3.6968849052286243	-2.051198793179969	2.193414580757869e-10
-1.3743176098154983	3.3769579926429456	2.0966328858716684e-8
-4.733186677200604	-1.233194121422913	6.465637151695574e-13
-3.677971156479185	1.2661044119142315	3.5435318380009526e-9
-3.83599494612357	1.5464111736284694	4.184098064473358e-10
-3.1896765290413636	-1.9855379809895515	8.29206756195972e-9
1.1243821738696718	-4.140875083359951	8.493503067487448e-11
-4.15651299851749	-0.30964066150007863	3.2852903403504764e-10
0.8211842720198157	-3.2038863926824614	1.4873850752615924e-7
2.29192015183793	-1.78760610263169	2.8375204888384637e-6
1.6420449880298	-2.1235764975676963	8.251178741672106e-6
2.2683301964946514	-0.11064194983760334	0.00005085299980427501
3.5050217828282135	-1.7348216120846187	3.2935096312562346e-9
3.9638581538643023	-0.5508893335781306	1.2339398345545096e-9
-2.139574330200164	-2.0646474093231886	1.7108635978207918e-6
-0.1179106714276363	-2.927899161318594	2.0468526033812457e-6
-1.3141625470854907	3.5454510529454764	8.961116999064642e-9
-3.808626491130038	0.09402182325881017	6.015284743888269e-9
1.6292550664686696	4.052048661896482	7.451360587414744e-11
-2.6036137724981194	-3.7695166604857886	7.296239558373755e-12
-4.410142725291114	-0.25694483983526384	4.0190620036685416e-11
-4.6292201532665445	-0.46506088852036953	5.40855000660526e-12
-4.24413822374439	-0.4746078837275748	1.1978439571125028e-10
-4.170213748624675	-0.07909698953587045	3.4828944063183564e-10
-4.156256705601587	-2.1895574880131394	2.8374068111891993e-12
-3.278222807610177	-1.5453399702303947	2.3384859084986692e-8
-3.8904591900709855	-0.15230073498478972	4.072749158259055e-9
-3.6602781973267975	-0.39544507889258657	1.3232926868374764e-8
-4.338306481839668	-0.005361492338815485	7.930164617651742e-11
-3.4247708744667107	-0.5371445739874807	6.63604261499037e-8
-3.013519320410334	1.0902333155148716	4.62087279242457e-7
-3.2692247104935976	0.9411937132865172	1.348434072941302e-7
-3.6459798707831372	0.04330734451171288	2.0227595409531104e-8
-3.476609798007894	0.4656011278461476	5.117894418503879e-8
-3.5219940692612046	0.17679002281087003	3.920942498505091e-8
-4.009453482801265	0.5832061765406407	7.830258412549949e-10
-1.035379713985041	1.8045987489091844	0.00011775513893550163
-3.0528851240715955	-0.16091313703170007	1.2119191789865923e-6
-2.958495150208361	0.8982041811293922	9.769956504701448e-7
-3.7965512654828095	-0.6042836532034793	5.447190491299613e-9
-3.1732481401318	-0.6914726594306667	3.26900139892237e-7
-2.688292719879368	2.2227327972537503	7.337995716867311e-8
-2.6201690203369385	2.950628506133654	1.7158306849884564e-9
-3.499716422413565	1.1607335078568721	1.848899989601712e-8
-3.475211734043138	1.4727076956089413	7.794621376480919e-9
-3.601677583217879	1.6820303854925234	1.2874366622064206e-9
-3.173671058484962	1.8114213194863549	2.3798182872680983e-8
-2.734559920169838	1.425736898044279	7.639561180723862e-7
-2.8905443062159026	1.9643372072022134	7.24929545761335e-8
-3.2060692813874443	2.0163118261569997	8.673273292678172e-9
-3.3117082494097247	2.335221628669379	1.0254823355915427e-9
-2.3153930565613727	1.6535688801325619	2.5705182863059045e-6
-2.840097059532698	2.291188020831511	2.077376253381512e-8
-2.063544365786053	2.4792346366263476	4.5094269036037753e-7
-2.2679340842826408	2.285524489949328	3.800356378668448e-7
-2.007744994863154	1.9822921059290672	3.598281156179342e-6
-3.092961277032531	3.3174460339610095	1.3740936656087518e-11
-2.5854520874453737	2.495566958840488	3.395268413474722e-8
-2.89926883564281	2.822909298375246	8.213593011614128e-10
-2.6009234628955142	1.9624990874279733	2.8146889971624716e-7
-2.6652452197407768	1.813415695685661	3.448369688007366e-7
-3.8388166535490407	2.210217265649306	3.207349964656855e-11
-3.6193845779569953	2.677061455043238	2.106618892462558e-11
-3.7913952819605283	3.1467349669495723	2.5939326754691536e-13
-2.160967143737962	2.1572935945465	1.227799746224272e-6
-4.01967176053223	2.8708175103805615	1.7614952297168674e-13
-3.990000861719932	2.0082083138330047	2.6242770658376625e-11
-4.123882445149115	2.226180753466131	2.9952113151127215e-12
-4.327573724047143	1.7923347379442525	3.86553261357855e-12
-2.2535484700770563	-1.2254817284324988	0.000014368403524040524
-1.7623877124667906	2.61456297002887	6.629011874406722e-7
-4.5443639082712	1.858172892069147	4.98077944357556e-13
-1.7227694174551471	2.9269834360408584	1.3234413566923551e-7
-1.7432040667704427	2.1304496250562144	5.671091359439547e-6
-1.8028662373223554	3.607922048065966	8.679092037776769e-10
-1.5385174644439403	1.9707660335107766	0.000019229687501919965
-1.0443214181336973	1.9466561667609703	0.0000722371992430344
-1.8827170361111631	3.1675201572239873	1.4820163006596738e-8
-1.586228792142699	2.671625055127442	7.57921361728178e-7
-1.2927612011617764	2.5765945401042805	2.488934819264129e-6
-2.153178562622839	3.4997233647326422	4.749111185567043e-10
-1.0227717929160678	2.6349574288222444	3.099094712535236e-6
-1.0619803342413365	3.3720497583156805	4.4899991059407866e-8
-0.9965087619710493	3.882373523813133	1.2767785864498237e-9
-1.5966376691721402	3.4966896898288886	3.5423054614253922e-9
-1.0419926692647796	3.6293543439028544	7.99564976676013e-9
-0.8861036981543924	2.726222400548288	2.693451582561119e-6
-0.6900354622002552	2.010545619130637	0.00010288032577584896
-0.7737616524688274	3.4641510479326936	3.695555748917979e-8
-0.47193124317297863	3.360158770095366	1.1823088577977921e-7
0.2117733894062699	3.5916593129838024	2.6340606248454418e-8
-0.30544550641525137	3.278182102274595	2.1382223788228162e-7
-1.2354843574542815	4.081183568356404	1.8513615560830258e-10
-1.7191461266721157	4.405532333086396	2.174364926024062e-12
-1.07962106751619	4.155140094983939	1.0217398212694354e-10
-1.7557556517922779	3.4474282460838745	3.2868677128376507e-9
-2.1613195469906348	3.7357807664569878	9.159410067092554e-11
-0.6431717726244609	4.112447437083193	3.305591134205836e-10
-1.0610950056028017	4.567825846564144	3.137031984162212e-12
-1.8150382415292956	4.116757100103763	2.068549424867027e-11
-4.556243175266124	0.8149736198677059	6.13395597187902e-12
-3.8310804780981385	0.7522259636275308	2.50382694729188e-9
-4.457310379866424	1.0160958959405744	9.693400172187822e-12
-4.547160936686243	-1.8645830763290783	4.333553253580528e-13
-4.406391989659865	-0.8987595835190773	1.8351934614929843e-11
-3.3370847552349003	-0.06237685510086086	1.942482568720543e-7
-2.497658900543486	-1.0992979571394144	7.071090359718712e-6
-2.7303069360338443	-0.7442676550388114	3.48025126843485e-6
-2.3830764948601995	2.904688435641082	7.47462997996903e-9
-2.2143352998277286	3.3004379781142186	1.0799456298916397e-9
-4.475441483381798	1.495941176210455	2.4137318769354725e-12
-4.374059771584668	2.260012200132037	2.495085318638349e-13
-1.9268596904030786	1.8396897813138327	9.537239309988049e-6
-2.2024661594887744	1.859082834594527	2.1510116818760647e-6
-1.9351351176467892	1.6745888823691726	0.000015881930647825367
-2.7488338171640767	1.1253580271843384	1.639769031075251e-6
-1.5986770771235295	1.5041234342113714	0.00007272995431201804
-2.353565059292302	1.2373257810395775	9.120775063360259e-6
-2.044619468389538	1.057231246632879	0.00004123996159037473
-1.2472651117654419	2.098650981782439	0.00003071959547493788
-0.33229021812796233	3.006709424651587	1.5519938599298158e-6
0.05278395180711228	3.149575184407972	5.261076999168879e-7
0.48438659615042146	3.189654047666811	3.0724478565810567e-7
-0.005413702386985521	2.918025917959126	2.127142274879992e-6
0.13930938983197047	2.677379464848036	7.567960955100126e-6
-0.05749978150093328	2.408034544000146	0.00003752177877029179
-0.16911225241232727	2.5169644750175486	0.000018993233037966846
0.30202746349355264	3.0514888502587056	7.461940898281792e-7
0.7004292694811873	2.3406913586187277	0.000028948612948905145
0.39016408075638476	2.616199234514076	9.282148470523555e-6
0.4485940031095022	3.515723945670401	4.1876859856729645e-8
0.7574454415687287	3.0511891313001964	5.77237638182743e-7
1.1978676880117913	3.1798764717155077	1.2080064422257017e-7
1.0177558083574578	3.1781724318745543	1.7500769863085772e-7
0.7993491873066687	3.7611833729956214	3.804121625495067e-9
0.933184889070735	3.979329933889229	7.787226833794029e-10
0.5390552569697625	3.836358079181325	3.3065286100871244e-9
0.7782114198074399	4.271766118678368	8.780055133598201e-11
0.01623579261200635	4.516516065218939	1.921068537825648e-11
1.0673551820000982	3.460510775114699	2.437767124974999e-8
0.35156712443763993	4.025143569985493	1.0138034622670726e-9
-0.7601970668685508	3.7016740286043106	5.9469826235438016e-9
-0.5311612863427406	3.6776784527282165	1.133452760953259e-8
-0.12296516465430617	3.7653754041077683	9.151295344609766e-9
-0.39246179636723083	4.125384540854486	4.309369031065752e-10
-0.27794589643207507	4.270743914164897	1.3805377427128034e-10
-0.18147515445640613	4.51530887005524	1.8779269026174644e-11
-0.7985268455094965	4.2151377086230415	1.1769821117253928e-10
-0.6155856225649696	4.379927370139955	4.073778203515339e-11
-4.263418596446822	0.7388859479640646	8.311289244124524e-11
-4.162658992014469	-1.1976968682850548	7.116027776431282e-11
-4.100345876800991	-0.7735479068656564	2.965708269495027e-10
-4.082770072199244	-1.4421016620964486	9.087061208042184e-11
-4.150771323006555	-1.580745837800761	3.198195920804403e-11
-3.88631658568793	-1.662658572533984	2.07635754070421e-10
-3.6501412367113177	-0.972549630901198	5.396629606297932e-9
-3.534040998396639	-1.435732016486633	4.577230593789614e-9
-3.4228790761948487	-1.5819748980860755	7.368615333654761e-9
-3.3409314137746686	-1.3507455357074976	2.3475050759822233e-8
-3.0501517965368175	-1.4132785564746326	1.5986272919384153e-7
-2.530438685474932	-1.3583735950140894	2.8188180013725983e-6
-2.5413931229115194	0.22553343528569209	0.00001807941979686346
-3.9534202856581824	-1.9698769863788228	4.34273933309431e-11
-3.700122499488593	-2.4593586256113444	2.710401738145032e-11
-3.9397554609235517	-2.275004051865903	1.2509257952330528e-11
-3.4417223852260435	-2.390739533967147	2.402639799506574e-10
-4.1666096412217275	-2.594509097267747	4.853604918776393e-13
-3.3067141957144255	-1.0771159273182918	5.700326813679002e-8
-2.9448026518813157	3.411314742550286	1.833468426907288e-11
-2.409155935798629	3.6910824371682636	4.8941182224920624e-11
-2.213059040653098	4.028406382221658	8.778889719759254e-12
-2.224858166248303	0.7459524482335091	0.00004074718095025859
-2.516844651506966	-0.11494734549926293	0.000022893696720132534
-2.2971250245279524	0.18241256216368912	0.000051172976790811915
-1.6805964588273385	0.7579948056793159	0.0003863528110202263
-1.2978656994582907	1.8010225130950164	0.0000730754446394319
-0.7318075532845891	2.1805956086260756	0.00005416345584009298
-1.4196511641617946	1.3061948248068183	0.00029754026215071563
-0.7625670330580736	1.3785361991075242	0.0012323743619906406
-0.6011345426657113	1.3905796634818428	0.001172022990721036
-0.7282929228747703	1.7235591084976232	0.00037272213337719056
-0.7808458319709748	0.5458461772370186	0.004160610649209812
-0.457825511467318	1.804891117305569	0.00034038505742306637
-0.17944577776329687	1.0493765938746307	0.002754085197793653
-0.3034482231197819	1.411118313478081	0.0013120508927253203
0.1244360641729288	1.4094150657554374	0.0011792989127553518
0.43010180726037556	2.036035847612927	0.00014953848063155
-0.10512096588901618	1.6100562964524212	0.0008335917830924885
0.3959986493541538	1.2990276119298718	0.0014566108733525915
0.4835074670346835	0.2585105720217349	0.007669579533009579
0.9161970398913518	1.9589482363613115	0.00011742297111279031
0.779827987411583	1.3882059924584087	0.0007830281875716203
0.11205444792998916	2.0305993907418016	0.00019131981077231445
0.3404279840556763	2.4599598857254152	0.00002039342018819598
0.19551400640736386	2.265537046747926	0.00006052387607497948
0.40988969425014654	2.2938473071111214	0.00003880359201513966
1.1042643377595276	2.7724914411147354	1.2903831830995938e-6
0.4169349702178322	0.6287303449230057	0.00658669638898581
-1.2306217194773075	0.8414706733949158	0.000930798568972135
-0.38624717622737975	0.34339650338246175	0.008154238844837614
1.0084813615001904	1.1740820188361227	0.0010721648781775246
1.2529590827559007	1.3529998797401899	0.00040564809952220134
1.1210202543238075	0.718187806036814	0.0016424428158398911
-0.9727351198230103	0.8126678072982783	0.002324462317099409
0.46423006838116554	0.8029765389418527	0.005051202731601272
-1.3455689512569178	0.9290204395830662	0.0006046853267004522
-1.8765755569258848	0.41316087077749847	0.00025197321214409543
0.936885658726005	0.5033814071457464	0.0033305750517725703
1.5041191955655104	1.276947499434586	0.00024170979506907975
0.8279966146236959	0.9474497849764283	0.0020200031165321605
1.2263195251908952	0.5892694838554623	0.001814236609286793
1.5133583947489424	1.4724414438763083	0.00013675575543887496
0.10409598815142361	0.6502994383730739	0.00728331239136165
0.3012730860350785	0.8465684833287261	0.004717684154722994
-1.262904819747485	1.090456054519698	0.000709886614101042
-1.9435718214848339	0.6756890035063641	0.0001574877010052882
0.6484453160025008	-0.7756336251981906	0.0037453363287631015
1.8663966100986988	0.40005616503768193	0.0003480798987112345
0.9127659719457968	-0.5930307418199027	0.0033749699945178104
1.4126302337897216	0.12976016990542277	0.0015505162990401317
2.1642593111492245	0.5027602822742061	0.00008229225587549782
1.319338847141938	-0.14930838310293795	0.0015962160372366006
1.56217046060261	0.3298565918878445	0.0010864254044230142
0.9236903113491527	-0.0023705378416710365	0.004861329712701421
2.3335106197304376	-0.4565962983358597	0.00003689238228629257
2.355290855366555	0.5175358416942313	0.00003509926557061045
0.3622015025737446	0.15388329699228043	0.007908635225478198
0.053004106786930905	0.40683570333914076	0.008440459946313554
-0.516383222059711	0.0688807042384098	0.010781521258165394
1.0792220097370782	-0.0980694266003804	0.0034613780199605135
0.7965374302540422	-0.48853415163134795	0.005504231774496908
1.4839775917929667	-0.0994404120033557	0.001010335682690261
1.5680627737074504	-1.7487687684145319	0.0000407278446237086
1.797623170230549	0.15176987066789058	0.00032846332019486533
1.666438702490687	0.03925846557386029	0.0006061666996471376
2.2371096568484763	0.13138474510248374	0.00005701740498161967
0.14926462340063537	0.29660723548520834	0.00910225858996831
0.7534500729635402	-0.05579520782085409	0.006760609528814197
0.2666272401468392	-0.607311755185788	0.005383747653348228
0.5361476915295297	-0.24380762119758534	0.008440627763637198
0.5066622454509621	-0.5500182112764357	0.006625383622373921
-0.04354322313857777	-0.027863080684341	0.010083411448696459
0.5006809238883787	-0.890115849251624	0.0039488236182574675
0.23705255222577715	-0.9978981301399061	0.0033736309704918465
0.756724193503025	-0.8907245937701743	0.00322103290033912
-0.7586582238072672	-0.9024165811607097	0.0025318211144204055
0.25875603071050923	-1.4229199380290003	0.001287391884076981
1.773117970142483	-0.20881788861952447	0.0004743171946538826
-0.18388897401970172	-0.2084688259234632	0.008781839485276237
2.358368778220752	1.2265805707430508	9.564177814352217e-6
-0.44182689577936696	-0.20012866306244695	0.00802943410651358
1.1027745323421168	-1.7768929405873433	0.0001291370362599126
-1.35064931830457	-0.14188441103577612	0.0015061777954010094
-1.12633593652111	-0.556894074659597	0.002421956900816239
-0.36923059423854115	-0.8274149957198592	0.00408052939993614
-0.2301455421628145	-0.585446065722975	0.006123397957845655
0.0005680136872869256	-0.5987527340683598	0.0061307192624709085
1.4158365151118797	-0.8296834866242735	0.0006784253223391354
1.1555928339421648	-0.9871507904020065	0.001116043120767095
1.1007646211851694	-2.436583041816602	8.844033534842845e-6
1.8980684964181604	-2.0586561577592475	4.787431973631519e-6
2.201196211925032	-1.0957892513807799	0.000026479086865114516
2.1340424160377016	-0.929136297640752	0.00005257806706696724
2.219334177177023	-0.6819209436226992	0.00004936426835554855
1.8194256883038702	-0.48441153495154354	0.0003765431942739981
-0.035379505374939856	3.9497795147664227	2.190694843386396e-9
-3.4642078178018716	-2.8944319686344104	1.5938353191109225e-11
-3.5616909365491587	-2.746023917106001	1.7759006095604052e-11
-3.293890996437062	-2.344274268618733	7.966379865176253e-10
-2.9282271917286633	-1.9331259195467738	5.465366177779673e-8
-2.0501316249108372	0.39124634009369946	0.0001365147038751731
-2.159368912977241	0.24782589756984386	0.00009326620412351098
-1.3209477522725845	0.3449922832592663	0.0016034500542205835
-1.5552625869631076	0.45431128406906146	0.0007908466835187246
-0.2834200106708588	2.0335085512434325	0.00016795525505966614
1.4351443007167695	2.1180580609658572	0.000020699913402329226
1.3346028459267891	1.676510156379311	0.00011765001783331859
0.8644158913157917	2.143697143301077	0.00006676538999161694
1.5704017619833088	2.393148688036153	2.8654854199092463e-6
1.829678746063583	1.6606672320260654	0.000025458758337284494
1.6879799199602563	2.539279099013345	9.735727355387013e-7
-0.5392704755997362	0.6054185579629746	0.0048638691124385765
2.746677015546312	0.28074055151548366	6.589649997387478e-6
0.741086395899265	-1.6344339248188535	0.00036130261322131935
1.1587968760130367	-1.6125663544667048	0.0001760070780101474
0.6790565516315927	-1.3597828178885805	0.0009597186828175037
0.8228793174860942	-2.278466701936284	0.00003254740864597979
-3.0897820640014504	-2.7938485865389433	3.3299959184114127e-10
-2.7850571033583096	-1.8865230415483758	1.5847096255057775e-7
-2.311877189359829	-1.5068676374051164	5.304051599335981e-6
-2.057215285929852	0.01828884426782417	0.00016229283503073035
-1.6033693318310398	-0.1784131292721131	0.0008099213020388594
2.7187435466840886	-0.34022768394781927	5.983636308320729e-6
1.9161013384470504	3.122613817423208	1.8741416489976878e-8
-1.8971285787361951	-0.7397635856780432	0.00014937566763086423
-2.0081300587597464	-0.8723410219312966	0.00009140686546123257
2.4806048521318256	-0.029308903878974415	0.000025079129418746006
3.4628254424648826	0.42087903505907864	7.073819475125565e-8
2.4485162901371305	0.9716980035083607	0.000011728955051098581
3.2670050119817438	0.21020684848995508	2.938538444253737e-7
3.5965974291368945	0.5368344461114524	2.174518216935845e-8
4.385582298439668	0.22190454108663454	4.203046539196297e-11
3.8148545510128593	0.37126588911569675	5.090229587178206e-9
2.8537813680454676	0.7900650531685856	1.923001248096678e-6
3.5139068074211206	0.03920956667391224	4.565048451617482e-8
3.7672074789405205	0.12120493318028952	8.236827219173266e-9
4.045317334533084	0.012542484915236084	8.095134780291476e-10
4.665481342000613	-0.08578720667521562	4.846554069801139e-12
4.290441332295582	0.6624144266209453	6.471756265456424e-11
4.27796574280658	0.9088684497150336	4.699469524914126e-11
4.5295991892027665	1.9256378243701648	2.693030058386817e-13
4.594642254321578	0.7109526606262804	3.9111188320705425e-12
4.124451642869833	0.8310391389442277	2.175291478847643e-10
-3.2492449691158356	-3.3967574235529856	2.9800230836170375e-12
-3.3464320815118818	-3.2306061878232866	4.6734192357258366e-12
-2.1114439795813005	-2.9989991278847534	1.4717730775614745e-8
-1.1349877018219687	-1.9844046819652057	0.00004792362041107215
-2.442051998304735	-2.804015774133526	1.2387573060215924e-8
1.8680259125190002	3.483388321993812	2.18852519539341e-9
1.4210336779718067	3.8154673054543307	9.424462620833274e-10
1.3496095353721045	3.3873803187670743	2.1236738424701863e-8
1.7181734557757	3.8999932770183667	1.5023785995774394e-10
1.7904417342754675	4.168486574838373	1.7614919910034106e-11
-1.2523137331633607	-1.0381110983950486	0.0007364262719067982
-1.4468729206566817	-1.7263314670646985	0.00008173289689120941
-0.8842187291519439	-1.8177010769672195	0.00018769322157243646
-0.47547148562136277	-1.0753138629578056	0.00271470947586335
-1.9704557821315631	-2.1009694508785866	3.2103515662795713e-6
-1.4983240746965487	-1.9646609967047843	0.000019679473151452997
-0.7860412969745576	-2.0740271217344044	0.00007379649103759205
-1.24550465264387	-2.5873618217468284	3.992933917893251e-6
-2.070829349023885	-1.404709537800382	0.000018394985109847324
-1.7227236008753735	-1.3147158611707876	0.00008242210715082763
-0.5875289979198001	-1.168129197567272	0.001840149210498562
0.6496579027860447	-2.3442535283078145	0.000031747655144332806
-0.39378155013847566	-1.9463244598429539	0.0001838065723587286
-1.3643144741619135	-1.880446506193863	0.00004878356483136579
-1.324401814010035	-2.156388501781624	0.000015110747942360755
0.7130096092761998	-2.511575544630927	0.000010982550632839818
-0.24483818350766012	-1.6959990594367929	0.00048162645981348175
-1.9856743264128995	-1.8496011301278443	5.881137996663759e-6
0.3051833770019307	-2.114735570855566	0.00009304744143023902
0.36438095204464355	-2.726885585977512	5.804799082887782e-6
0.5779470051692266	-2.597357906060599	7.601368638084397e-6
0.36591014962862445	-3.003954852648255	1.2591675047821517e-6
0.20688853342918734	-2.348727052283839	0.0000398154361787053
0.05025140140359292	-2.6995280355607485	7.939880412438564e-6
-0.5554970027743337	-2.795052838250525	3.1034746852841787e-6
0.202747054522891	-2.904665734632672	2.1488522193549228e-6
2.0346026444725247	-4.471996080844964	4.3910780208286035e-13
0.23519382750854625	-3.1469396371249947	6.041868809717767e-7
-0.8250238787721692	-2.778914962179061	2.6682018815780827e-6
-0.4148866291884934	-3.8229406557129284	5.829642541804676e-9
4.66568057486793	-1.586234301507764	2.2930309700038997e-13
0.41223419390237004	-3.540375436985594	3.907708469519039e-8
1.5625494138731126	-3.3254180274388974	1.5701693666609022e-8
1.0783250289096453	-3.303910403649105	5.759627604815846e-8
2.535353193317272	-0.6176387980577127	0.000013247482451490342
2.7416504261551076	-0.718107864387107	3.3809464116218213e-6
2.423848722168763	-0.9470087192730035	0.00001559386387324294
2.8129877729180257	-1.2792732896224719	9.721387100981864e-7
3.2797381809047805	-0.7459369907728709	1.4707137065144724e-7
2.9971559882943337	-0.7687911606866344	6.672708198944276e-7
3.420076202312564	-0.5150870980437485	7.936405902240717e-8
4.187826971458526	1.3135740594802598	6.046365259502853e-11
3.6001539127104323	1.230762634981642	6.5169184536377776e-9
-2.4015403139793157	-2.143961069591972	3.404076867227534e-7
-2.217170125497997	-1.9216958300534848	1.7008905227012503e-6
-2.500773174080754	-2.4166036510583147	5.987916067562857e-8
-1.5853602644939029	-2.537538930265566	1.818534509541567e-6
-1.5477502198644355	-2.2168076577142086	6.63978396032382e-6
-1.043873166634541	-2.5936293931223764	5.649070606263172e-6
-1.1200762124678625	-2.329696394638392	0.000011870516741607703
-0.8210765646930832	-2.248043003294735	0.00003052682163273474
-1.1890206905840779	-3.1674521901764963	1.118129504082139e-7
-0.8646826485164181	-3.204825197256002	1.7612373020227633e-7
-0.5475800446000502	-2.500427835871327	0.000014175262062117626
-0.7955511566746798	-3.384409071695701	7.364759582043538e-8
0.5954078770968888	-4.230240803210537	1.4050912652587776e-10
-2.293183444228751	-2.5581827535222956	8.414723422778681e-8
-2.557452698538897	-2.934532520300581	4.205141462391564e-9
-2.8830141175770576	-2.228659256244538	1.934006166014085e-8
-3.0392881172539594	-2.950184271379451	2.436202798378168e-10
-2.5486914162499645	-3.23392315486683	5.734108001246366e-10
-2.018571185331274	-3.252964499008986	5.562699274984408e-9
2.6578497556072476	2.516248637491682	1.7227790756452918e-8
1.7148951337272662	4.318964981191069	6.31007389667676e-12
1.7258560630743147	3.6143564542939774	1.4877252321660755e-9
2.087444591779653	4.076894013733844	9.868260011349053e-12
2.048918173577465	4.261666823985241	2.6619494576021776e-12
-0.5986079383475928	-0.7061277923912679	0.004008880538427218
-0.7169906703477396	-0.6199324133568785	0.0039747218878480395
-0.29803615960339314	-1.0444232065717416	0.003093239655086096
-0.02144309196714333	-1.3213457660086005	0.0016030244459094897
-0.13634160038686594	-1.9982136859999782	0.00023233826527362865
2.3211007020782484	-2.804323063307907	2.3638578555238784e-8
1.9088317846458136	-2.56504280706031	3.2051552415733126e-7
2.1825633495147634	-2.2315242156734927	8.766022214492246e-7
1.7888870342183663	-2.4802527404459145	8.132149000491363e-7
2.355979603999509	-2.340233393410262	2.2919454577365753e-7
1.9974382158498034	-3.791785159767467	1.2514448990904559e-10
2.302082949862344	-2.502955086910916	1.242917822381958e-7
2.7129286398432737	-1.927760833446228	2.2864723250231766e-7
2.95352322115315	-1.49988112932192	2.482006379401973e-7
2.0645163102323543	-1.6732723133007803	8.569971704094635e-6
1.9992667382230207	-3.289870728071677	4.01190889354704e-9
2.0897203698451507	-3.030840073348071	1.192070199751295e-8
3.324528038618392	-0.99769438208001	7.65806297946338e-8
1.4160330367915805	-3.774532625397461	1.0996571475383858e-9
2.413712715011442	-3.8631240721863658	1.3126117137752378e-11
4.053808586637635	-1.7301618126065277	2.8618390074568857e-11
1.7120797866542539	-4.1217285719879575	2.1637050036193345e-11
2.2289042169333584	-3.4486887596608717	4.391531152057275e-10
2.5184415863338354	-3.9776889422753094	2.2410064147077793e-12
1.5386840067896081	-3.9714883821582068	1.26629496289541e-10
1.6428811129132566	-3.4901381397859783	3.008697821994417e-9
1.383032898221278	-3.482968147087682	1.07676386118416e-8
0.832369558142531	-3.889490364819877	1.6678677626286862e-9
1.1697488767568243	-4.550242973326649	3.2870516059525047e-12
0.6764578863870648	-4.520623398382872	8.556384845469308e-12
3.379887736697589	-1.4295952041581133	1.9706503192727143e-8
3.663960628502496	-1.3577144711445868	2.648330178636972e-9
3.7719646744837254	-1.8192135791352204	2.829976707306325e-10
4.324394064742676	-1.855925808120617	2.701320693357529e-12
4.47531607850198	-1.621872622098918	1.428440935587975e-12
3.7848602811749097	-2.147251668084034	6.842259325575184e-11
3.4010132967434084	-2.410340791389203	2.565172188441074e-10
4.3500430976126045	-2.2617159928951165	4.955901568944169e-13
3.5212653718509292	-2.000997619239369	9.076250803143077e-10
1.9650418140092487	-1.1513377790557273	0.00004914619202324847
2.2828187078324795	-1.5067934249444346	5.946153587295914e-6
-1.3485968471893899	-2.7338389971450874	1.4359468128265217e-6
-1.6790373926580915	-3.5827409135899058	1.998721158647389e-9
-2.449967559058278	-3.3805887887639945	3.3711501811121503e-10
-2.2844169695506253	-3.9963207308197806	8.5577485652185e-12
-1.9704501555907552	-4.17148094776233	6.263931071348356e-12
-1.186768468040385	-3.5217119878908227	9.115852224036414e-9
-2.451943489270402	-3.719849458817629	3.0046355742296913e-11
3.2216490055870843	2.4554079640759077	7.85206283554141e-10
2.2755923899716684	2.868673726378239	1.8951920485872972e-8
2.0996025963565117	2.471149412472186	3.168949192269087e-7
2.391939890290437	2.4907559287410606	7.69948382719489e-8
2.456148826724151	2.1108974760717856	3.199651710926889e-7
2.0095707965064054	1.625603454054529	0.000014319729895572367
2.302184135029939	2.034056752408238	8.269212383602479e-7
2.585324190568838	1.6928639763219777	7.89427816611441e-7
2.28788010889935	0.7623289187194666	0.000036086553232983066
2.5787522788512183	0.6905102276453023	9.49744295041882e-6
2.6313034843601346	0.9489005858456139	5.466194215775367e-6
2.4674109474980703	1.3719346172608926	3.9443415479437265e-6
2.533979343186434	1.85567124090287	5.830798636717438e-7
0.7593649232005906	4.596916244233249	4.651892690862903e-12
-0.974878028115094	-0.5156425889479298	0.003263690479297527
-1.2662625130901748	-0.64867101334023	0.00155165572823748
-1.0326446979578543	-1.3814393534522018	0.00038677597625772484
2.3436682504522417	-2.9929519640777578	6.237241748549902e-9
3.1709504390414414	-3.2339782629844533	1.383937595663992e-11
2.8531057896140664	-3.6051336982894178	7.831471736735358e-12
3.534204476110328	-3.022117621605212	3.4585262170621923e-12
2.925783783547633	-3.142606310141287	1.275995802767933e-10
3.0135207297245374	-3.4231442889502413	1.0425716715892698e-11
3.407824895893418	-3.0996910820767045	5.7738927227165805e-12
3.802829249677518	-3.16252915003372	1.2812861057262125e-13
2.9135423689713837	-2.741627739296085	1.3543027852171499e-9
2.980334146982695	-2.279954482218617	8.646013710247702e-9
3.0230274248077422	-2.4379681387948082	2.6869774905922828e-9
3.1430224544673204	-2.0722589447837496	7.40435139045469e-9
2.8084248927842284	-2.447552303120171	9.636496166606764e-9
0.9691831027730371	-3.6760793851148765	5.858839397953319e-9
0.7430940920683919	-3.6098072601532847	1.3346477111004502e-8
3.713740950291939	-2.6739716351921503	1.2374950201572625e-11
3.975828985082889	-2.859881815132952	6.364260693249396e-13
3.6477892017560487	-3.0738210784734457	1.045040356813523e-12
4.500456578206273	0.833951913468124	7.118549967188995e-12
1.9543257457367247	2.2423305263450195	1.3382418112788823e-6
1.7680611721422166	2.067943401627712	7.2710245024457965e-6
3.150617455840468	2.5969997217594645	7.064882690358491e-10
2.9265687992396114	1.4155200959252636	3.0387123706206445e-7
3.3530485279934386	0.8735457476656016	6.023107559404649e-8
3.599900132054567	2.135391902982435	2.8328012888240665e-10
3.3788003814752607	2.047283484093612	1.972998171941285e-9
0.699253966237301	-4.362957655990699	2.948354535224119e-11
0.5177523732443128	-4.451988316852084	2.1971387673800133e-11
4.069935979727449	-1.5232257969124061	6.06039826535292e-11
4.346048695431348	-1.4371921772303506	8.281068628131494e-12
3.9356621982044038	-1.0551154108282048	5.790553564868239e-10
4.379823636035138	-0.3913036602165849	5.6968065705874704e-11
3.7791131281974617	-0.32343356428043896	6.523135126626471e-9
4.607112935942545	-1.0452354780664648	2.0491185161721484e-12
4.83639552046393	-0.9132306950050058	3.1693810419348963e-13
4.89468006551011	-0.20801263133765538	5.59470357521622e-13
2.677815370582088	3.118774428500244	4.3994333231583453e-10
2.6344572829461756	2.081653826225682	1.54150856586324e-7
3.655625402430587	1.7232944996305517	1.026791792119067e-9
3.4351994945086375	1.8864925947841797	2.315420740696163e-9
3.6195331241298474	2.9820030726358584	3.65210024225515e-12
-0.8599395214309133	-3.8897579886593516	1.568880830771616e-9
4.159642557632358	-0.23626632504912395	3.60061512242405e-10
4.354001060256475	1.5518895581992065	6.168451319822173e-12
4.208279429339553	1.7655280243083515	7.007999667568801e-12
3.3853848153912063	2.361759545517216	5.055808015763341e-10
2.760426248317396	3.5690860218406595	1.8640551130530908e-11
2.367943205042335	4.08818387136374	2.4039708817478826e-12
2.463776226979888	3.6944057066017097	2.8954846941066287e-11
2.6285158667493937	3.879612123696251	3.4492962306639356e-12
3.612501421035882	2.703403637578238	1.8626774367350345e-11
3.8579815376527833	2.6707076724577905	2.6471953534360643e-12
3.839369310427422	2.2628638626079383	2.8014075842240976e-11
3.2161570530090025	2.9145488421329024	8.77101689734403e-11
3.0365171910688433	3.089722983805776	8.425443252398273e-11
3.507399245362212	2.838763420778629	1.9514582574021677e-11
4.237994410368305	2.0489687689719296	2.2089707594143656e-12
3.2729971998127705	3.5462270545498753	1.0095270465545562e-12
-3.579649923289557	3.078174532645463	2.1893360076037222e-12
-3.5140752130658055	3.440436901283054	3.238256989286477e-13
-3.376118206652944	3.2596816943470723	2.930618968971247e-12
-2.8230723536658564	-3.6771832886467437	5.582236403807326e-12
0.18448570647685117	-3.613993944380103	2.313825126126513e-8
-0.23099681134027314	-3.1990739890225646	4.219429874450523e-7
-0.31813142230857544	-3.500068926844239	6.796031299769674e-8
-0.4957653298515062	-3.536892451521192	3.741826002826164e-8
-0.008577666849687061	-4.481099496026074	2.1857528123345202e-11
0.3623760454265113	-4.35042420382022	6.33665078710347e-11
0.703323714609958	-4.672383031760349	2.1661971752190786e-12
0.23677567343468484	-4.432999631696061	3.24178629438811e-11
-0.6553238764836552	-4.0830173233120215	5.673131934898509e-10
-0.5099839057725855	-4.384576272689209	5.273199281108205e-11
-0.15913036340482226	-4.688773949933469	3.4389703829038094e-12
-1.2035469920624027	-4.049013526488599	1.8768241235857007e-10
-0.7864918983458603	-4.506325813576394	1.0581400871314526e-11
-1.27365184577391	-4.499746566429145	4.080849339388546e-12
-0.6856060093856654	-4.639869591981623	3.346613102972958e-12
-4.844484130608276	-0.9003327959891703	2.52250733991412e-13
-4.820987690735981	0.8938712498110574	5.270983262887699e-13
-4.676682208333886	1.5125554831304344	3.6567746557816116e-13
4.856099045537797	0.8931845044080459	1.6198481511512775e-13
-1.3717441492745883	4.728990595648282	3.8652379073059025e-13
-0.36085096455837784	4.914359913594565	2.2001228241760556e-13
-0.6717615560315513	4.860508366224367	4.259553816785982e-13
-1.0117352998799045	4.802285497012072	4.880792495605123e-13
1.4255948192665875	4.735656432101443	1.361890365856444e-13
0.718954694609439	4.8547718954998675	4.3926443189916404e-13
2.099537491378113	4.466599134571588	1.8463719359047176e-13
-2.3861498243823687	-4.2743208247974565	6.145099487113547e-13
2.4137240221403253	4.292414667873325	2.623688825081763e-13
1.4054683935809777	-4.705497053077875	4.0289528039056745e-13
2.7479938177691277	4.079079501516442	3.402923632800965e-13
3.0117942190149067	3.885584965752405	3.0162016376603454e-13
3.294086283544696	3.687306323609034	1.4013693693884696e-13
-0.003214756952206856	-4.905343848685445	4.976481196222579e-13
2.9735570163125615	-3.92779798722891	3.339149211435767e-13
-4.183227850047331	-1.8793310599964903	7.806820883007951e-12
-4.49297663670652	-0.6834695103338859	1.339794092255424e-11
-4.715160794851326	-0.1650893083663518	2.484197343862903e-12
-4.868630390126477	-0.5331472809954021	4.992442886162558e-13
-4.914442358627295	0.1845674354567062	3.465872813116404e-13
-4.866760813831015	0.5347716277802632	5.8186366237376e-13
-3.6483859391520315	-0.7134390057571319	1.2303584709320076e-8
-2.6755743758040507	0.7568156194175565	5.870141146752345e-6
-3.2256524250991867	1.282252156305645	9.778582839031785e-8
-3.4514151737932943	-0.2780570191269869	6.263743063690769e-8
-3.19649312635791	-0.9493596130472738	1.6307122803562657e-7
-2.7635277767579822	-0.24389769059447228	6.924215360624234e-6
-3.5106224056953907	1.926440677621064	1.538261909914428e-9
-2.7113571128877245	1.5712576311686748	4.962728976746704e-7
-3.873229052898617	2.735644194909399	1.8644917152719513e-12
-2.8765131754337805	3.672621147833515	4.575665858117476e-12
-4.213338227938955	2.56286248159819	2.0871147654233684e-13
-4.012658544498764	2.467257181345765	2.6773333666541137e-12
-4.226899970767347	1.1079863787422357	5.765637868735086e-11
-1.4213014567650428	2.86557915819461	4.489609418174607e-7
-2.1584744519980874	2.780660041965471	5.515114702800536e-8
-1.1705886385477107	3.036100794637324	2.8608997046587684e-7
-1.4552381870671973	4.328350275193918	1.3434825485351781e-11
-0.08829855129486484	3.428888846875157	1.0973848801469414e-7
-0.3446452232929619	2.7273716435414386	6.004575449449145e-6
-0.519260837545599	2.572149746466248	9.342365145551829e-6
-2.322105024349894	3.184679929200063	1.5344637648685554e-9
-4.533342690696117	1.304886577104389	2.061372980325184e-12
-1.6578039984963844	1.759332745456526	0.000028825764819175093
-2.4853109040735393	1.4626400457296047	2.383350669810736e-6
-2.933353265663802	0.3321290736072804	1.971510696698616e-6
1.4232094357806553	2.8336234220972885	5.222715843489142e-7
-3.9580401338421005	1.0235707706284511	5.609138243438984e-10
-3.7856054779881636	-1.3345903086277253	1.166857099695143e-9
-2.6694013030261194	-1.1475872441861048	2.420526432549526e-6
-2.5523097689419014	-1.7482053672925966	7.918543334096238e-7
-2.9976493471585766	-1.1602221641641792	3.96456337213471e-7
-2.441644542763391	-0.6396594671855368	0.000020251607410461433
-2.8413238903396008	-1.6754493122302534	2.2264476732151864e-7
-2.6319548607420735	0.48503080685709504	0.000010685818578849846
-1.7929788555825443	0.8920603899379644	0.00020849086093055924
-0.629442814250355	2.3205661662207553	0.000028577862168406415
-0.5614223911076761	1.110070049467326	0.0024418366133628737
-1.170222187422804	0.5979384193102091	0.0018731151793620617
-0.8760629578744515	0.255889831221946	0.005059075295824571
1.1041360129308109	-0.37176116912279333	0.003241094995281966
1.6905355194045248	0.5933245934422324	0.0005228757565791282
1.0891207027662901	0.2096718380332463	0.0031357325195955086
1.845762680195704	1.0827480141306485	0.0001193878051874441
0.09790713337139523	-0.16383917509208637	0.009179681864448327
2.5083123586501515	0.1545830248075802	0.000020775953485579205
0.4555779124961529	-1.2207501119384054	0.002058845412274512
1.2165925612362045	-0.6163547491756449	0.001569230385903834
1.6806989717606435	-0.7901074507296916	0.00039276754891737995
0.08698908665012149	-0.4591970438285444	0.007200475446008681
1.3225355893987418	-1.356204393253826	0.000357985097486669
0.9475348676942574	-1.5452868467733585	0.00030440796867288927
1.5354591052863285	-1.5876041945295194	0.00008344954417244106
1.6962562561519507	-1.2103890979714522	0.00012623886725351407
-2.21607873940604	-0.06218470173204511	0.000087235586640497
1.0732802872751073	1.7221751539373853	0.0001653717603435467
1.1609513478603555	2.1399631824375898	0.000037901916467772184
1.1580393528393704	2.429226108924068	6.6044910136484405e-6
1.329863297086687	2.6767408885687476	1.2904592494547756e-6
-0.38654456215193594	0.7663954227665827	0.003987169242969596
-2.7695993701379393	-2.768589023303121	3.001737817875667e-9
-2.0469598387672496	-0.2500641780929313	0.0001334153457837971
-1.8706405610797312	-0.015611475607240166	0.0003416295266683218
-1.425294067046363	-1.0656424432717855	0.0004361004840682437
-1.3689105719266879	-0.404059807392658	0.0015042408513373585
-1.8635992536247747	-0.4489248280257073	0.00026139316742221656
3.027411689809726	0.429206248996916	1.2037311163626252e-6
2.7818651027102725	-0.0031047665288962763	6.562540621215289e-6
3.6062389769403507	0.9161387508073291	1.0528638576759532e-8
4.130545166276299	0.2683189312873231	4.205998490099165e-10
1.0430344760611732	4.243338001999099	7.588902349894351e-11
1.7373875447725	4.592541533501843	4.818879685087744e-13
1.3355723597502092	4.5679951269760135	1.3429865719275915e-12
-1.6943471179870442	-0.9192703477734911	0.0002782799236920143
-0.642162557663836	-1.4141305454061681	0.0007420624266454137
0.3594729317235175	-1.7068182842175423	0.0005144873756747037
0.3359646690398824	-1.9507608575665265	0.00020852899339232433
1.054355544436961	-2.0768078052360464	0.00005487599635905409
1.1877039360229733	-3.1543611622475	1.588860889815324e-7
-2.2019144110173405	-2.315891153877903	3.679029885229915e-7
-0.6008411988315618	-2.9511173230485284	1.0231835603671592e-6
-2.879299319819096	-2.486167829694358	4.6263201942183614e-9
2.4324393509385587	2.757504672184348	1.845091401477207e-8
2.1437996359785445	3.4541081907550195	6.163266117657741e-10
-0.9684336002651089	-1.0276593128358378	0.0012780692232038395
-0.3953429106446063	-2.206762982048874	0.00007240622129092541
1.1178439288716526	-2.832538092043128	9.430600685493121e-7
1.5222293037113783	-2.351969940379726	4.413980476979834e-6
1.764453800116	-2.9456081517961246	6.456396344264321e-8
2.8756680484896315	-0.9540117306081124	1.0626052313005404e-6
2.5756458009173335	-2.7586130394310584	6.419246887550242e-9
1.8246536733456176	-3.9896932257862403	4.6335154401499684e-11
0.9117942906599368	-4.0342260063122986	3.8739262516624774e-10
4.198038716922969	-2.0736345994529812	3.2939758383033435e-12
4.053050784594349	-2.1302213118545685	1.0084260430375808e-11
4.485518708883905	-1.3151346137149307	3.786597840038009e-12
-1.5198834154066687	-3.67890291923426	1.4436303301335466e-9
-2.013807175830505	-3.8273111004363605	9.263003283973291e-11
-1.295710414627072	-3.8965679273163816	5.500257019165784e-10
2.202833967438393	1.4439751429629664	0.000011995856674393451
2.3050971869897445	3.6704598043529764	7.335503713918494e-11
0.5382453487128446	4.386298171202666	3.677057758522469e-11
2.5269128688579663	-3.48966056118313	1.0500946112406653e-10
2.7278572618873276	-3.0132905436621367	8.145738698241054e-10
3.5228464113404625	-3.4255738143688497	3.41812249138921e-13
-0.3541310763258046	-4.878855102921973	6.451508808722478e-13
0.5699788296020815	-3.8345388860092497	3.918396464925658e-9
4.17718596295633	-2.56073036047604	6.033025316931989e-13
4.757623179062894	1.2003412766175545	4.327625012950328e-13
4.065811346896533	1.447461358105587	1.0872449112975164e-10
2.9621115936976308	1.1155066377180396	6.170022586343773e-7
3.0818426760621516	1.777270124303523	3.268272295295433e-8
3.226419741028586	1.5805875555627185	2.1889286009387782e-8
1.0572806712364538	-4.774311208343777	6.270816132246682e-13
3.83724809901832	-1.3965653505921432	5.288528424629627e-10
4.229506535189037	-0.6858668516568471	1.5774908612959178e-10
3.65628118344674	-0.9408954135451395	9.74981732086237e-9
4.6409474641922275	1.5930753864644007	4.296066440322393e-13
2.466118892978285	3.031464955909164	2.732045331991653e-9
4.744999073514588	-1.2467423383950988	4.0351063031331714e-13
3.981285458193356	2.347259189093455	6.184207396810732e-12
4.370321407971899	2.2409553757245595	3.5014639438941957e-13
3.2994466900080868	3.0767707381381504	2.2093269533285895e-11
4.028466402296273	1.921137366092227	2.1887521989195676e-11
4.205032608112542	2.536650275303803	3.8645430304044557e-13
4.901434578229252	0.13992793835501294	5.595008013272004e-13
1.460904890465045	-1.896275957455239	0.00003637804417646087
0.045035488818595405	-3.7091333603632424	1.176582835051183e-8
-0.07855147782948724	-4.173942022948761	3.671005469925967e-10
-0.9292636641210458	-4.229497114797161	1.178746112458639e-10
3.2873136221229964	-3.6744325932883544	2.331101129870357e-13
-3.2566895451581925	-3.6548302488921944	5.810785888432646e-13
-2.085660948121919	-4.432986347297767	6.005077138604893e-13
1.7386430755807853	-4.591998411315912	3.944292936443902e-13
3.5428514676101526	3.41968967201804	2.7009967372609414e-13
-1.1041038371483352	-4.773613505368889	6.005948339491685e-13
-2.7098022474922945	4.100967120112496	3.664561623560718e-13
-3.6656998202528537	-3.2859543869260057	2.7392261159008083e-13
2.695770727566937	-4.1245357681286015	2.5231716298754215e-13
-0.11109565954217786	2.2363470550660876	0.00009883425848135346
3.261762876230346	-0.23089306936729123	2.4487790190298314e-7
-4.277610041662457	0.17059175039397173	1.21879279993085e-10
-2.8790860979813546	-0.5436808218719614	2.3400250071868493e-6
-3.19225940412571	2.853459750998603	1.1209709969634562e-10
-0.7871208887327807	3.014560853875017	8.76414411758676e-7
0.3246655172244642	3.222481928410477	2.8299769672521006e-7
0.6914062058147346	3.4874042476349953	3.409049888794402e-8
0.1742868209107616	4.1307470841233185	5.510745041232002e-10
-3.9831665945221926	-2.8674435578161663	4.249058094514583e-13
-3.294575385034965	3.672243526992677	1.800561154493034e-13
-1.0638105011845476	1.3562636521171936	0.0007772613861989009
-0.8673063554882245	-0.007687600553425657	0.006143111255927143
0.9308346806572374	2.6103722221523413	4.3746556482921e-6
-0.1454925403503742	0.6304980207040324	0.006134852034494272
0.8106285787178582	-2.8992213395699125	1.361848610431667e-6
1.8876872207143773	2.7400380360312666	2.290884555256756e-7
2.686847322673826	-1.6050335324686595	7.830131234459187e-7
3.666399149136114	-2.3616478712999487	6.280863238008287e-11
4.639840228460359	-0.5574153397674358	4.261782384654693e-12
0.3655662860934822	-4.886144362613745	5.998656693886856e-13